Origin,Dest,Distance,Predicted_Delay
IND,BWI,515,60
IND,LAS,1591,9
IND,MCO,828,59
IND,PHX,1489,47
IND,TPA,838,13
ISP,BWI,220,43
ISP,FLL,1093,13
ISP,MCO,972,9
ISP,MDW,765,29
ISP,PBI,1052,29
JAN,BWI,888,16
JAN,HOU,359,55
JAN,MCO,587,35
JAN,MDW,666,41
JAX,BHM,365,34
JAX,BNA,484,15
JAX,HOU,816,4
JAX,PHL,742,23
JAX,TPA,180,44
LAS,ABQ,487,53
LAS,ALB,2237,28
LAS,AMA,758,48
LAS,AUS,1090,1
LAS,BDL,2298,34
LAS,BNA,1588,42
LAS,BOI,520,40
LAS,BUF,1987,1
LAS,BUR,223,19
LAS,BWI,2106,41
LAS,CMH,1772,29
LAS,DEN,629,39
LAS,ELP,584,46
LAS,GEG,806,14
LAS,HOU,1235,1
LAS,IAD,2066,25
LAS,IND,1591,55
LAS,ISP,2283,19
LAS,LAX,236,26
LAS,LBB,775,46
LAS,MAF,796,7
LAS,MCI,1140,52
LAS,MDW,1521,24
LAS,MSY,1501,16
LAS,OAK,407,28
LAS,OMA,1099,53
LAS,ONT,197,39
LAS,ORF,2155,11
LAS,PDX,762,25
LAS,PHL,2176,52
LAS,PHX,256,12
LAS,PIT,1910,24
LAS,PVD,2363,39
LAS,RDU,2027,25
LAS,RNO,345,33
LAS,SAN,258,18
LAS,SAT,1069,32
LAS,SDF,1624,33
LAS,SFO,414,17
LAS,SJC,386,50
LAS,SLC,368,22
LAS,SMF,397,46
LAS,SNA,226,23
LAS,STL,1372,47
LAS,TPA,1984,23
LAS,TUL,1076,26
LAS,TUS,365,45
LAX,ABQ,677,49
LAX,BNA,1797,34
LAX,ELP,714,20
LAX,HOU,1390,24
LAX,LAS,236,45
LAX,MCI,1363,26
LAX,MDW,1750,45
LAX,OAK,337,14
LAX,PHX,370,25
LAX,SFO,337,19
LAX,SJC,308,23
LAX,SLC,590,5
LAX,SMF,373,50
LAX,TUS,451,46
LBB,AUS,341,51
LBB,DAL,293,9
LIT,BWI,912,19
LIT,DAL,296,59
LIT,MDW,544,35
LIT,STL,296,49
MAF,ABQ,332,49
MAF,AUS,294,21
MAF,DAL,319,21
MAF,HOU,441,58
MCI,BNA,491,6
MCI,BWI,967,24
MCI,DAL,461,17
MCI,DEN,533,16
MCI,IND,451,2
MCI,LAS,1140,57
MCI,LAX,1363,19
MCI,MCO,1072,7
MCI,MDW,405,44
MCI,OKC,313,45
MCI,PDX,1481,25
MCI,PHX,1044,44
MCI,SEA,1489,18
MCI,STL,237,40
MCI,TUL,223,39
MCO,ABQ,1552,18
MCO,ALB,1073,33
MCO,BDL,1050,18
MCO,BHM,478,58
MCO,BNA,616,54
MCO,BWI,787,1
MCO,CLE,895,31
MCO,CMH,802,55
MCO,DTW,957,42
MCO,FLL,178,39
MCO,HOU,848,31
MCO,IAD,758,46
MCO,IND,828,40
MCO,ISP,972,20
MCO,JAN,587,14
MCO,MCI,1072,5
MCO,MDW,989,7
MCO,MHT,1142,54
MCO,ORF,655,46
MCO,PHL,861,20
MCO,PHX,1848,47
MCO,RSW,133,23
MCO,SDF,718,48
MCO,STL,880,18
MDW,ABQ,1121,25
MDW,ALB,717,32
MDW,AUS,972,24
MDW,BDL,777,55
MDW,BHM,570,20
MDW,BNA,395,30
MDW,BUF,468,41
MDW,BWI,611,57
MDW,CLE,307,46
MDW,CMH,284,20
MDW,DEN,895,10
MDW,DTW,229,4
MDW,FLL,1166,12
MDW,HOU,937,52
MDW,IAD,577,40
MDW,IND,162,0
MDW,ISP,765,31
MDW,JAN,666,3
MDW,LAS,1521,21
MDW,LAX,1750,40
MDW,LIT,544,2
MDW,MCI,405,30
MDW,MCO,989,42
MDW,MHT,838,4
MDW,OAK,1844,8
MDW,OMA,423,23
MDW,ORF,704,54
MDW,PDX,1751,11
MDW,PHL,668,5
MDW,PHX,1444,21
MDW,PIT,402,19
MDW,PVD,842,15
MDW,RDU,632,33
MDW,RNO,1680,9
MDW,RSW,1105,46
MDW,SAN,1728,55
MDW,SAT,1036,47
MDW,SDF,271,38
MDW,SEA,1733,9
MDW,SFO,1855,27
MDW,SJC,1838,11
MDW,SLC,1258,41
MDW,SMF,1790,15
MDW,STL,251,29
MDW,TPA,997,12
MDW,TUS,1440,4
MHT,BWI,377,32
MHT,LAS,2356,23
MHT,MCO,1142,43
MHT,MDW,838,21
MHT,PHL,290,27
MHT,TPA,1204,10
MSY,BHM,321,39
MSY,BWI,998,34
MSY,DAL,437,52
MSY,HOU,303,53
MSY,MDW,825,24
MSY,PHX,1301,57
MSY,TPA,487,24
OAK,ABQ,889,3
OAK,BNA,1959,22
OAK,BOI,511,24
OAK,BUR,325,30
OAK,DEN,957,18
OAK,GEG,723,21
OAK,HOU,1642,0
OAK,LAS,407,48
OAK,LAX,337,5
OAK,MCI,1489,49
OAK,MDW,1844,55
OAK,ONT,361,30
OAK,PDX,543,28
OAK,PHX,646,12
OAK,RNO,180,18
OAK,SAN,446,55
OAK,SEA,671,1
OAK,SLC,588,15
OAK,SNA,371,15
OKC,DEN,495,1
OKC,HOU,419,30
OKC,MCI,313,56
OKC,PHX,833,3
OKC,STL,462,24
OMA,MDW,423,17
OMA,PHX,1037,56
OMA,STL,342,42
ONT,BNA,1751,6
ONT,LAS,197,47
ONT,OAK,361,37
ONT,PHX,325,4
ONT,SJC,333,48
ONT,SMF,389,40
ORF,BWI,159,45
ORF,JAX,543,35
ORF,LAS,2155,36
ORF,MCO,655,30
ORF,TPA,717,14
PBI,BWI,883,49
PBI,ISP,1052,51
PBI,TPA,174,38
PDX,ABQ,1111,17
PDX,BOI,344,59
PDX,GEG,279,50
PDX,LAS,762,58
PDX,MDW,1751,36
PDX,OAK,543,26
PDX,PHX,1009,7
PDX,RNO,444,53
PDX,SJC,569,2
PDX,SLC,630,48
PDX,SMF,479,30
PHL,MCO,861,17
PHL,MDW,668,14
PHL,MHT,290,40
PHL,PIT,267,40
PHL,PVD,238,58
PHL,RDU,336,43
PHL,TPA,920,24
PHX,ABQ,328,52
PHX,BNA,1448,41
PHX,BUR,369,2
PHX,BWI,1999,22
PHX,DEN,602,6
PHX,DTW,1671,11
PHX,ELP,347,31
PHX,HOU,1020,42
PHX,IND,1489,24
PHX,LAS,256,40
PHX,LAX,370,59
PHX,MCI,1044,51
PHX,OAK,646,13
PHX,OKC,833,17
PHX,OMA,1037,46
PHX,ONT,325,42
PHX,PDX,1009,44
PHX,PHL,2075,9
PHX,RNO,601,58
PHX,SAN,304,9
PHX,SAT,843,17
PHX,SEA,1107,8
PHX,SJC,621,58
PHX,SLC,507,34
PHX,SMF,647,31
PHX,SNA,338,46
PHX,TUL,935,52
PIT,BWI,210,46
PIT,MCO,834,8
PIT,MDW,402,4
PIT,PHL,267,50
PVD,BWI,328,56
PVD,PHL,238,35
RDU,BNA,443,44
RDU,BWI,255,39
RDU,MCO,534,33
RDU,MDW,632,22
RDU,PHL,336,44
RDU,TPA,587,41
RNO,BOI,335,6
RNO,LAS,345,51
RNO,LAX,390,46
RNO,OAK,180,10
RNO,PDX,444,20
RNO,PHX,601,40
RNO,SAN,488,50
RNO,SEA,564,29
RNO,SJC,188,11
RNO,SLC,422,47
RSW,BWI,919,23
RSW,MDW,1105,47
SAN,ABQ,628,22
SAN,AUS,1164,20
SAN,BNA,1751,38
SAN,ELP,636,20
SAN,LAS,258,11
SAN,MCI,1333,23
SAN,MDW,1728,57
SAN,OAK,446,48
SAN,PHX,304,29
SAN,RNO,488,17
SAN,SFO,447,28
SAN,SJC,417,44
SAN,SMF,480,30
SAN,TUS,367,59
SAT,BWI,1407,25
SAT,DAL,248,55
SAT,ELP,496,34
SAT,HOU,192,40
SAT,HRL,233,21
SAT,LAS,1069,18
SAT,MDW,1036,28
SAT,PHX,843,0
SDF,BHM,323,16
SDF,BWI,495,49
SDF,LAS,1624,12
SDF,MDW,271,40
SDF,STL,254,21
SEA,ABQ,1180,0
SEA,BOI,399,11
SEA,DEN,1024,15
SEA,GEG,224,36
SEA,LAS,866,6
SEA,MCI,1489,14
SEA,MDW,1733,41
SEA,OAK,671,60
SEA,PHX,1107,25
SEA,RNO,564,46
SEA,SJC,697,47
SEA,SLC,689,31
SEA,SMF,605,1
SFO,LAS,414,35
SFO,LAX,337,10
SFO,MDW,1855,27
SFO,SAN,447,59
SJC,BUR,296,48
SJC,LAS,386,21
SJC,LAX,308,36
SJC,ONT,333,36
SJC,PDX,569,35
SJC,PHX,621,56
SJC,RNO,188,57
SJC,SAN,417,38
SJC,SEA,697,6
SJC,SNA,342,58
SLC,ABQ,493,60
SLC,BOI,291,22
SLC,BWI,1864,4
SLC,DEN,391,24
SLC,GEG,546,43
SLC,LAS,368,51
SLC,LAX,590,19
SLC,MDW,1258,14
SLC,OAK,588,8
SLC,PDX,630,1
SLC,PHX,507,2
SLC,SEA,689,21
SLC,STL,1156,37
SMF,BUR,358,36
SMF,LAS,397,16
SMF,LAX,373,51
SMF,MDW,1790,12
SMF,ONT,389,22
SMF,PDX,479,2
SMF,PHX,647,31
SMF,SAN,480,13
SMF,SEA,605,31
SMF,SNA,404,2
SNA,LAS,226,31
SNA,OAK,371,34
SNA,SJC,342,11
SNA,SMF,404,45
STL,BHM,410,41
STL,BWI,737,32
STL,CMH,410,3
STL,DAL,546,21
STL,DTW,440,48
STL,HOU,687,30
STL,LAS,1372,5
STL,LAX,1593,38
STL,LIT,296,11
STL,MCI,237,28
STL,MCO,880,55
STL,MDW,251,1
STL,OMA,342,22
STL,PHX,1262,44
STL,SDF,254,44
STL,SLC,1156,13
STL,TPA,869,9
STL,TUL,351,3
TPA,ABQ,1497,52
TPA,ALB,1130,60
TPA,BDL,1111,49
TPA,BHM,460,48
TPA,BUF,1054,6
TPA,BWI,842,18
TPA,CMH,829,60
TPA,DEN,1506,22
TPA,FLL,197,51
TPA,HOU,781,56
TPA,IAD,810,38
TPA,ISP,1034,30
TPA,JAX,180,55
TPA,MDW,997,47
TPA,MHT,1204,26
TPA,PBI,174,13
TPA,PHL,920,13
TPA,PIT,873,45
TPA,PVD,1137,41
TPA,RDU,587,36
TPA,SAT,972,51
TPA,SDF,727,20
TUL,DAL,237,12
TUL,HOU,453,30
TUL,MCI,223,22
TUL,PHX,935,58
TUS,ABQ,321,9
TUS,LAS,365,9
TUS,LAX,451,1
TUS,MDW,1440,58
TUS,SAN,367,2
ABQ,AMA,277,35
ABQ,DAL,580,38
ABQ,DEN,349,46
ABQ,HOU,759,10
ABQ,LAS,487,58
ABQ,LAX,677,4
ABQ,LBB,289,30
ABQ,MCI,718,11
ABQ,MCO,1552,60
ABQ,OAK,889,16
ABQ,PHX,328,47
ABQ,SAN,628,16
AMA,DAL,324,15
AMA,DEN,358,13
AUS,BNA,756,1
AUS,DAL,189,8
AUS,HOU,148,34
AUS,LAS,1090,18
AUS,MDW,972,57
AUS,TPA,928,7
BHM,DAL,587,42
BHM,MCO,478,26
BNA,BDL,852,51
BNA,BHM,177,56
BNA,BWI,588,26
BNA,CMH,338,31
BNA,JAX,484,33
BNA,LAS,1588,18
BNA,LAX,1797,24
BNA,MCO,616,36
BNA,MDW,395,0
BNA,ONT,1751,50
BNA,PHX,1448,56
BNA,RDU,443,29
BNA,TPA,612,49
BOI,GEG,287,56
BOI,LAS,520,53
BOI,OAK,511,30
BOI,PDX,344,11
BUF,BWI,281,10
BUF,LAS,1987,2
BUR,LAS,223,38
BUR,OAK,325,7
BUR,PHX,369,22
BUR,SJC,296,35
BUR,SMF,358,0
BWI,BNA,588,40
BWI,BUF,281,56
BWI,DEN,1491,44
BWI,ISP,220,44
BWI,MHT,377,24
BWI,ORF,159,3
BWI,PVD,328,59
BWI,RDU,255,7
BWI,SLC,1864,3
CMH,MDW,284,26
CRP,HOU,187,27
DAL,ABQ,580,22
DAL,AMA,324,4
DAL,AUS,189,22
DAL,BHM,587,26
DAL,ELP,562,1
DAL,HOU,239,22
DAL,MAF,319,19
DAL,MCI,461,7
DAL,MSY,437,8
DAL,SAT,248,34
DAL,STL,546,0
DEN,ABQ,349,4
DEN,BWI,1491,48
DEN,HOU,883,53
DEN,LAS,629,29
DEN,MCI,533,55
DEN,MDW,895,19
DEN,OAK,957,20
DEN,OKC,495,10
DEN,PHX,602,48
DEN,SEA,1024,36
DEN,SLC,391,12
DEN,TPA,1506,58
ELP,AUS,528,53
ELP,DAL,562,4
ELP,HOU,677,48
ELP,LAS,584,33
ELP,LAX,714,29
ELP,LBB,295,20
ELP,PHX,347,52
ELP,SAT,496,60
FLL,JAX,318,16
FLL,MCO,178,27
FLL,MDW,1166,49
FLL,STL,1056,43
FLL,TPA,197,21
GEG,BOI,287,14
GEG,LAS,806,30
GEG,OAK,723,44
GEG,SEA,224,54
GEG,SLC,546,35
HOU,AUS,148,4
HOU,BNA,670,47
HOU,DAL,239,60
HOU,ELP,677,21
HOU,HRL,276,9
HOU,JAN,359,26
HOU,LAX,1390,31
HOU,LIT,393,11
HOU,MCO,848,27
HOU,MDW,937,50
HOU,MSY,303,49
HOU,PHL,1335,46
HOU,PHX,1020,16
HOU,SAT,192,45
HRL,HOU,276,33
IAD,MDW,577,24
LAS,MCO,2039,35
LAS,OKC,987,42
LAX,AUS,1242,47
LAX,RNO,390,29
LAX,SAT,1210,38
LAX,STL,1593,43
MAF,LAS,796,51
MCO,LAS,2039,29
MCO,PVD,1073,19
MSY,MCO,550,15
OKC,DAL,181,43
PBI,PHL,951,38
PHL,HOU,1335,27
PHL,JAX,742,36
PHL,RSW,992,53
PHX,AUS,872,58
PHX,LIT,1136,43
PHX,MDW,1444,54
PHX,STL,1262,49
PHX,TPA,1788,8
PVD,MCO,1073,30
RSW,ISP,1101,56
SAN,BWI,2295,25
SAT,LAX,1210,30
SNA,PHX,338,8
STL,FLL,1056,27
TPA,BNA,612,47
ABQ,ELP,223,23
ABQ,MAF,332,2
ABQ,PDX,1111,24
ABQ,SEA,1180,27
ABQ,SLC,493,34
ABQ,TUS,321,17
ALB,BWI,288,31
ALB,LAS,2237,58
AUS,BWI,1342,59
BDL,BNA,852,43
BDL,BWI,283,19
BDL,MCO,1050,52
BHM,MDW,570,19
BNA,FLL,793,5
BNA,HOU,670,29
BNA,MCI,491,19
BNA,OAK,1959,13
BOI,RNO,335,6
BOI,SEA,399,8
BOI,SLC,291,14
BUF,MDW,468,19
BUF,TPA,1054,24
BWI,ABQ,1670,53
BWI,ALB,288,39
BWI,BDL,283,60
BWI,DTW,408,55
BWI,FLL,925,30
BWI,JAX,663,41
BWI,LAS,2106,1
BWI,MCI,967,20
BWI,MCO,787,1
BWI,PBI,883,7
BWI,SAN,2295,41
DAL,LIT,296,59
DAL,OKC,181,40
DAL,TUL,237,19
DEN,AMA,358,26
DEN,BNA,1013,33
DEN,MCO,1545,11
DTW,BNA,457,58
DTW,BWI,408,22
DTW,PHX,1671,22
FLL,BNA,793,13
FLL,BWI,925,54
FLL,ISP,1093,28
FLL,PVD,1188,46
GEG,PDX,279,20
HOU,BWI,1246,42
HOU,CRP,187,46
HOU,DEN,883,1
HOU,FLL,957,60
HOU,JAX,816,14
HOU,SAN,1312,14
IND,MDW,162,56
JAX,BWI,663,16
JAX,FLL,318,44
LAS,SEA,866,26
MCI,OAK,1489,4
MCO,BUF,1011,13
MCO,DEN,1545,26
MCO,MSY,550,46
MHT,PHX,2279,7
OAK,TUS,747,13
PHX,BHM,1455,53
PHX,MCO,1848,33
PIT,LAS,1910,45
PIT,PHX,1813,3
PVD,MDW,842,53
RSW,MCO,133,43
SAN,HOU,1312,49
SLC,RNO,422,3
STL,CLE,487,28
TPA,LAS,1984,3
TPA,MSY,487,32
ABQ,TPA,1497,52
ALB,MDW,717,19
AUS,ELP,528,38
AUS,PHX,872,13
AUS,SAN,1164,18
BHM,HOU,570,5
BHM,TPA,460,11
BNA,CLE,448,49
BNA,PHL,675,2
BWI,CLE,314,31
BWI,CMH,336,51
BWI,LIT,912,19
BWI,PIT,210,5
CLE,MDW,307,27
CMH,LAS,1772,24
DAL,LBB,293,9
DTW,MDW,229,10
HOU,ABQ,759,49
HOU,MAF,441,46
HOU,OAK,1642,22
HOU,STL,687,29
HOU,TPA,781,3
HOU,TUL,453,39
LAS,MHT,2356,20
MCO,RDU,534,52
MDW,MSY,825,20
OMA,LAS,1099,36
ORF,MDW,704,15
PHL,FLL,992,4
SAT,BNA,822,26
SAT,TPA,972,11
BHM,SDF,323,35
BNA,AUS,756,21
BUF,PHX,1912,37
BWI,MDW,611,54
BWI,STL,737,34
HOU,BHM,570,27
IND,JAX,688,54
JAX,ORF,543,13
MCI,SAN,1333,37
PHX,BUF,1912,21
PHX,MHT,2279,41
PHX,PIT,1813,39
PHX,PVD,2277,19
PHX,RDU,1891,39
PHX,SDF,1506,4
PVD,PHX,2277,38
SDF,MCO,718,33
STL,OKC,462,12
BNA,DEN,1013,21
BNA,SAT,822,28
BWI,TPA,842,15
CLE,BNA,448,39
CLE,BWI,314,2
CMH,BWI,336,18
CMH,TPA,829,31
HOU,LAS,1235,1
HOU,OKC,419,58
LAS,BHM,1618,52
LAS,CLE,1825,27
MSY,LAS,1501,5
SAT,MCO,1040,36
BWI,IND,515,36
BWI,PHX,1999,4
BWI,RSW,919,3
BWI,SDF,495,44
CLE,STL,487,53
DEN,AUS,775,59
MSY,FLL,673,3
PDX,MCI,1481,59
SDF,TPA,727,3
AUS,DEN,775,41
BHM,BNA,177,42
BHM,BWI,682,9
BHM,MSY,321,39
BNA,DTW,457,15
BNA,MSY,471,4
BNA,PVD,907,30
BNA,SAN,1751,40
BWI,HOU,1246,35
CMH,BNA,338,1
DTW,MCO,957,35
FLL,PHL,992,50
MCI,ABQ,718,38
MCI,SMF,1442,44
MCO,AUS,993,47
PHL,PHX,2075,10
TPA,MCI,1048,20
TUL,STL,351,22
BDL,TPA,1111,52
BNA,SEA,1977,48
BWI,BHM,682,28
CMH,PHL,405,23
CMH,PHX,1671,22
IND,MCI,451,51
ISP,LAS,2283,22
PHL,BNA,675,52
PHL,CMH,405,44
PHL,LAS,2176,56
PHL,PBI,951,11
PVD,BNA,907,32
PVD,FLL,1188,53
PVD,TPA,1137,54
RSW,PHL,992,50
TPA,IND,838,31
AUS,MAF,294,39
CMH,MCO,802,36
MCO,SAT,1040,59
RNO,MDW,1680,3
ALB,MCO,1073,3
BUF,MCO,1011,25
BWI,SAT,1407,57
CLE,MCO,895,21
ELP,ABQ,223,26
FLL,HOU,957,54
IAD,MCO,758,17
IAD,TPA,810,30
ISP,TPA,1034,38
SJC,MDW,1838,42
TPA,ORF,717,53
TPA,PHX,1788,27
TPA,STL,869,36
TUS,OAK,747,25
BWI,MSY,998,16
FLL,MSY,673,19
OKC,LAS,987,3
PVD,LAS,2363,0
AUS,LAX,1242,50
AUS,MCO,993,44
BHM,STL,410,23
BWI,JAN,888,47
TPA,AUS,928,57
BHM,JAX,365,8
ABQ,STL,934,26
AUS,LBB,341,16
BDL,MDW,777,47
BHM,PHX,1455,2
BWI,AUS,1342,57
BWI,OKC,1180,35
DTW,STL,440,28
HRL,SAT,233,55
IAD,LAS,2066,8
LBB,ABQ,289,12
LIT,HOU,393,9
MCI,TPA,1048,32
RDU,LAS,2027,2
AUS,HRL,273,45
HRL,AUS,273,31
PHX,MSY,1301,22
SDF,PHX,1506,41
SEA,BNA,1977,15
BHM,LAS,1618,7
CLE,LAS,1825,33
SAN,SAT,1129,34
SAT,SAN,1129,20
CMH,STL,410,3
ELP,SAN,636,39
STL,ABQ,934,57
MCO,PIT,834,14
MSY,BNA,471,44
TUL,LAS,1076,1
LBB,LAS,775,2
LIT,LAS,1295,3
AMA,LAS,758,0
LBB,ELP,295,33
ABQ,MDW,1121,16
AMA,ABQ,277,57
ORD,CVG,264,25
ATL,BHM,134,53
CVG,DFW,812,37
CVG,DEN,1069,53
DEN,CVG,1069,7
ATL,MSP,906,25
BNA,ATL,214,24
ATL,GSP,153,48
CVG,ORD,264,39
BUF,ATL,712,21
ATL,BNA,214,50
MKE,MSP,297,46
MSP,MKE,297,2
MKE,BDL,780,28
BDL,MKE,780,43
MKE,MSN,74,37
PHL,MKE,690,44
MKE,PHL,690,26
MKE,PIT,431,30
MCI,CMH,633,0
MKE,OMA,426,11
MCI,MSN,386,24
MKE,RDU,689,58
RDU,MKE,689,17
MKE,BWI,641,2
BWI,MKE,641,53
EWR,MKE,725,7
MKE,EWR,725,42
MCI,AUS,650,41
AUS,MCI,650,59
SUN,SLC,223,40
SLC,SUN,223,0
SGU,SLC,269,42
SLC,SGU,269,46
SLC,TWF,175,4
SLC,SBA,615,43
SLC,ELP,693,15
SLC,IDA,188,52
SLC,OMA,839,7
SLC,TUS,601,21
MSO,SLC,436,3
SLC,BZN,347,5
SLC,RAP,508,39
BZN,SLC,347,34
SJC,SLC,585,20
SLC,SJC,585,27
SLC,SLE,628,30
SLC,MSO,436,43
SLC,SMF,532,33
SMF,SLC,532,6
GTF,SLC,463,7
BIL,SLC,387,60
SLC,BIL,387,30
SLC,BUR,574,21
SLC,PSP,541,31
PSP,SLC,541,51
TUL,SLC,926,53
SLC,LGB,589,22
OMA,SLC,839,39
SLC,COS,410,26
SLC,GTF,463,24
BUR,SLC,574,10
ATL,MEM,332,17
SLC,JAC,205,30
SLC,ASE,291,53
SFO,SLC,599,34
BHM,SLC,1472,54
SLC,SFO,599,59
CMH,SLC,1529,31
SLC,FCA,532,33
HDN,SLC,251,27
SLC,CLE,1565,12
IAH,SLC,1195,18
BNA,SLC,1403,5
SLC,PSC,521,19
DFW,SLC,988,25
ASE,SLC,291,7
MSP,SLC,991,17
SLC,BNA,1403,55
JAC,SLC,205,22
SLC,AUS,1085,52
SLC,DFW,988,27
SLC,MKE,1246,43
CLE,SLC,1565,12
ONT,SLC,558,20
SLC,ONT,558,46
LAX,SAN,109,36
SAN,LAX,109,38
LAX,SNA,36,36
SNA,LAX,36,28
SFO,ACV,250,39
SFO,SBA,262,8
SBP,LAX,155,52
LAX,PSP,110,35
FAT,LAX,209,0
SMF,SFO,86,38
SFO,SMF,86,6
SFO,RDD,199,15
LAX,FAT,209,21
EUG,PDX,106,52
PDX,EUG,106,54
PSP,LAS,173,10
MOD,SFO,78,42
SFO,MOD,78,5
LAX,MOD,292,50
MOD,LAX,292,28
LAS,PSP,173,7
LEX,ORD,323,24
ORD,LEX,323,0
FSD,ORD,462,1
BTV,ORD,763,60
ORD,BTV,763,12
OMA,ORD,416,36
ORD,CLE,316,6
ORD,ROA,531,37
ROA,ORD,531,58
ORD,SDF,286,52
SDF,ORD,286,23
DEN,FCA,753,59
CLE,ORD,316,10
ORD,CHS,760,0
DFW,ORD,802,56
ASE,LAX,737,39
ORD,FSD,462,27
ORD,PIT,412,45
PIT,ORD,412,0
MEM,ORD,491,15
FAR,DEN,627,2
ASE,ORD,1013,0
BOI,ORD,1437,39
ORD,PIA,130,0
XNA,ORD,522,49
SFO,BUR,326,45
ORD,ASE,1013,24
ORD,COS,911,16
COS,DEN,72,46
DEN,LNK,423,53
BHM,ORD,584,40
DEN,BZN,525,48
MKE,ORD,67,22
DEN,GUC,152,47
GUC,DEN,152,27
BZN,ORD,1186,0
ORD,BOI,1437,60
AZO,ORD,122,15
ORD,AZO,122,35
TVC,ORD,224,54
ORD,TVC,224,46
ORD,MSN,109,13
ORD,OKC,693,45
ORD,IAH,925,33
AUS,ORD,978,45
ORD,SAV,773,38
COS,ORD,911,26
ORD,ORF,717,17
ORF,ORD,717,13
BHM,DEN,1082,14
ORD,TUL,585,8
TUL,ORD,585,60
SFO,PSP,421,52
CRW,ORD,416,5
ORD,CRW,416,3
ORD,ATW,160,1
ASE,DEN,125,53
ORD,TYS,475,60
TYS,ORD,475,15
ORD,AVP,631,57
FAR,ORD,557,52
ORD,FAR,557,13
SAV,ORD,773,44
ICT,ORD,588,8
DEN,GJT,212,3
GJT,DEN,212,2
ORD,MEM,491,17
ORD,MCI,403,34
PIA,ORD,130,58
ORD,ABE,654,23
DEN,MSN,826,52
ORD,AUS,978,56
IND,ORD,177,1
HDN,ORD,1009,0
ORD,XNA,522,8
SGF,ORD,438,1
MSN,ORD,109,20
CID,ORD,196,9
DTW,ORD,235,46
ORD,MLI,139,51
MLI,DEN,751,2
ORD,OMA,416,43
DRO,DEN,251,1
CHS,ORD,760,36
ORD,GRR,137,47
OKC,LAX,1187,18
ORD,MKE,67,41
DEN,PIA,793,2
MLI,ORD,139,3
DSM,ORD,299,21
ORD,DSM,299,2
ATW,ORD,160,30
GRB,ORD,174,16
ORD,GRB,174,23
FWA,ORD,157,1
LAX,DFW,1235,49
ORD,BHM,584,10
IAH,DEN,861,48
DAY,DEN,1084,57
DEN,DAY,1084,1
DEN,ASE,125,16
BOI,SFO,522,32
SFO,ONT,363,59
LNK,DEN,423,2
SFO,TUS,751,44
PSP,SFO,421,59
ONT,SFO,363,58
ORD,SAT,1041,35
SFO,BOI,522,46
FCA,DEN,753,53
SFO,EUG,451,16
SFO,ABQ,896,10
ORD,CWA,213,21
ORD,SLC,1249,53
LNK,ORD,466,48
BZN,DEN,525,44
ORD,SGF,438,1
LAX,COS,833,21
COS,LAX,833,2
BOI,LAX,674,8
IDA,DEN,458,35
DEN,IDA,458,44
DEN,BIS,517,50
MKE,DEN,895,31
SFO,RNO,192,45
DEN,GTF,624,42
MSN,DEN,826,21
DEN,HSV,1048,14
HSV,DEN,1048,6
ORD,LNK,466,18
DEN,HDN,142,4
HDN,DEN,142,17
RNO,SFO,192,7
DEN,MEM,872,12
DEN,SGF,637,59
BIL,DEN,455,54
DEN,BIL,455,20
CWA,ORD,213,21
DEN,TYS,1162,45
DEN,MFR,964,44
MFR,DEN,964,39
MEM,DEN,872,9
DEN,BHM,1082,48
DEN,BOI,649,51
GTF,DEN,624,29
DEN,COS,72,5
DEN,MLI,751,31
DEN,SBA,916,5
TUS,DEN,639,58
BNA,ORD,409,41
CID,DEN,692,29
FAT,DEN,844,23
SAT,ORD,1041,17
ORD,LAN,179,24
CLE,DEN,1201,27
DEN,ELP,563,0
ELP,DEN,563,27
DEN,MSO,679,21
MSO,DEN,679,31
PSC,DEN,853,18
DEN,PSC,853,10
DEN,MKE,895,44
ORD,SYR,607,30
SYR,ORD,607,7
SBA,DEN,916,20
MCI,SAT,706,27
PIT,MKE,431,32
MKE,CMH,331,58
CMH,MCI,633,40
OMA,MKE,426,46
COS,MCI,538,19
SLC,YUM,580,43
IDA,SLC,188,44
COS,ATL,1185,2
SLC,GJT,217,51
ATL,XNA,589,14
SLC,OKC,866,43
FAT,SLC,501,7
RAP,SLC,508,36
SLC,TUL,926,23
YUM,SLC,580,23
RDM,SLC,526,39
SLC,FAT,501,51
SLC,SBP,608,56
ATL,MKE,669,17
XNA,ATL,589,35
GJT,SLC,217,8
LGB,SLC,589,38
COS,SLC,410,28
SLC,RDM,526,15
MEM,ATL,332,31
SLC,SNA,588,38
SLC,SAT,1086,4
SLC,IAH,1195,52
SAT,SLC,1086,8
SAN,SLC,626,1
MCI,SLC,919,15
SLC,MCI,919,12
SLC,HDN,251,40
SLC,SAN,626,58
SLC,LIT,1156,2
LIT,SLC,1156,46
MTJ,SLC,268,32
SLC,MTJ,268,9
SFO,SBP,191,49
SFO,MRY,77,26
LAX,SBP,155,38
SFO,BFL,238,60
RDD,SFO,199,35
MFR,SFO,329,2
LAX,SBA,89,17
FAT,SFO,158,50
SFO,MFR,329,42
SBA,SFO,262,45
RDM,SFO,462,6
CLD,LAX,86,38
SEA,PDX,129,15
RDM,PDX,116,14
PDX,SEA,129,3
ORD,HDN,1009,60
ORD,DFW,802,16
LAX,ASE,737,1
ORD,CID,196,26
ORD,SBN,84,33
SBN,ORD,84,34
HPN,ORD,738,6
ORD,ICT,588,24
ORD,BNA,409,30
SPI,ORD,174,13
ORD,SPI,174,5
ORD,FWA,157,3
DEN,DRO,251,19
MBS,ORD,222,28
ORD,MBS,222,37
DEN,TUL,541,24
TUL,DEN,541,50
FSD,DEN,483,13
DEN,TUS,639,27
DEN,CID,692,41
BOI,DEN,649,28
ORD,BZN,1186,33
LAN,ORD,179,39
XNA,DEN,616,55
DEN,XNA,616,29
SGF,DEN,637,42
TYS,DEN,1162,58
SAT,DEN,794,18
ATL,COS,1185,42
SAT,MCI,706,8
MCI,PIT,773,13
PIT,MCI,773,31
CMH,MKE,331,22
MSN,MCI,386,40
MCI,COS,538,51
SLC,PIH,150,55
TWF,SLC,175,39
SNA,SLC,588,32
DSM,SLC,955,19
ORD,ATL,606,29
SLC,YKM,586,33
SLC,DRO,338,59
ATL,ORD,606,23
SLC,MSP,991,46
AUS,SLC,1085,46
ONT,LAX,47,6
SBP,SFO,191,57
SFO,FAT,158,16
MRY,SFO,77,59
LAX,SMX,135,38
SMX,LAX,135,30
ACV,SFO,250,60
SBA,LAX,89,55
BFL,SFO,238,11
PDX,MFR,222,59
CEC,ACV,56,47
FAT,LAS,258,11
LAS,FAT,258,21
SFO,CEC,304,49
CIC,SFO,153,50
SFO,CIC,153,20
MFR,PDX,222,4
SMF,ACV,207,23
CEC,SFO,304,19
SFO,RDM,462,53
ORD,IND,177,11
BUR,SFO,326,40
SNA,SFO,372,18
EUG,SFO,451,0
SFO,COS,963,6
ABQ,SFO,896,0
PMD,SFO,316,51
SFO,PMD,316,22
ICT,LAX,1203,43
DEN,CLE,1201,38
DEN,PSP,776,32
DEN,FAR,627,43
MSP,ATL,906,32
EKO,SLC,200,59
SLC,EKO,200,53
FAR,SLC,865,52
HOU,ATL,696,9
BFL,SLC,534,40
FCA,SLC,532,42
SLC,FAR,865,24
SLC,BHM,1472,19
LAX,MRY,267,2
MRY,LAX,267,11
BFL,LAX,109,2
LAX,BFL,109,31
IYK,LAX,123,38
LAX,IYK,123,39
PSP,LAX,110,13
LAX,ONT,47,44
LAX,OXR,49,23
OXR,LAX,49,0
LAX,SGU,348,15
SGU,LAX,348,39
LAX,YUM,237,31
YUM,LAX,237,42
IPL,LAX,181,15
YUM,IPL,58,34
LAX,CLD,86,20
PDX,RDM,116,44
IPL,YUM,58,29
LAX,IPL,181,4
PSP,DEN,776,1
DFW,LAX,1235,58
LAX,OKC,1187,44
LAX,BOI,674,29
BUR,DEN,850,52
DEN,BUR,850,6
DEN,EUG,997,8
EUG,DEN,997,4
DEN,RFD,829,55
DEN,FAT,844,1
RDD,SMF,131,22
ASE,SFO,848,8
PIH,SLC,150,20
CPR,SLC,320,0
SLC,CPR,320,24
DRO,SLC,338,48
TUS,SLC,601,2
SLC,BFL,534,26
BTM,SLC,357,3
HLN,SLC,402,22
SLC,HLN,402,16
MFR,SLC,575,9
ELP,SLC,693,50
MRY,SLC,607,40
SLC,MRY,607,26
PSC,SLC,521,28
SLC,MFR,575,24
SBA,SLC,615,16
SLC,BLI,757,37
BLI,SLC,757,56
SLC,BTM,357,10
SLC,PIT,1659,45
DTW,SLC,1481,32
SLC,DTW,1481,20
SLC,ORD,1249,3
SLC,MSY,1428,53
PIT,SLC,1659,40
SBA,SJC,234,58
SJC,SBA,234,17
ACV,SMF,207,52
ACV,CEC,56,10
DEN,ICT,419,0
DSM,DEN,589,43
DEN,BFL,845,45
CAK,ORD,344,46
ORD,CAK,344,57
MCI,ORD,403,8
DAY,ORD,240,49
ORD,DAY,240,31
SFO,SNA,372,11
RFD,DEN,829,33
DEN,FSD,483,49
SFO,ASE,848,16
SFO,BZN,807,0
BZN,SFO,807,48
DFW,CVG,812,6
COD,SLC,298,46
SLC,COD,298,7
OKC,SLC,866,53
SLE,SLC,628,0
SLC,EUG,619,46
SLC,DSM,955,42
LWS,SLC,461,32
EUG,SLC,619,60
SLC,XNA,1004,41
SLC,FSD,804,52
SBP,SLC,608,43
FSD,SLC,804,15
SLC,CMH,1529,54
MSY,SLC,1428,53
DEN,RAP,301,28
DEN,GRR,1014,35
GRR,DEN,1014,45
ICT,DEN,419,5
AVP,ORD,631,15
ORD,DTW,235,4
LAX,PDX,834,1
ABE,ORD,654,51
OKC,ORD,693,51
RAP,DEN,301,7
ATL,BUF,712,19
MKE,ATL,669,29
MKE,CLT,651,37
ATL,HOU,696,60
GRR,ORD,137,33
IAH,ORD,925,51
DEN,OMA,472,43
PDX,LAX,834,45
SEA,LAX,954,7
COS,SFO,963,28
DEN,IAH,861,14
BIS,DEN,517,11
GSP,ATL,153,49
MSN,MKE,74,8
SLC,CDC,221,0
CDC,SLC,221,38
BMI,ORD,116,60
ORD,BMI,116,19
ORD,HPN,738,3
GJT,ORD,1100,26
DEN,MRY,960,51
ATL,STL,483,38
STL,ATL,483,7
MTJ,LAX,666,19
LAX,ICT,1203,55
YKM,SLC,586,50
TUS,SFO,751,10
LAX,SEA,954,5
CLT,MKE,651,1
SLC,LWS,461,50
ATL,MTJ,1352,25
MTJ,ATL,1352,32
DEN,DSM,589,35
XNA,LEX,549,35
BUR,TUS,453,29
MFR,MOD,343,47
PIA,DEN,793,41
LAX,MTJ,666,12
SMF,SBA,310,5
BOI,PIT,1849,20
ORD,HNL,4243,53
HNL,ORD,4243,46
ORD,CLT,599,5
KOA,ORD,4213,24
OGG,KOA,84,47
ORD,OGG,4184,41
SFO,JFK,2586,20
JFK,SFO,2586,5
ORD,JAC,1162,54
LAX,JFK,2475,46
JFK,LAX,2475,48
DEN,SFO,967,15
SFO,OGG,2338,25
OGG,SFO,2338,39
MCO,SFO,2445,9
SFO,LIH,2447,29
DEN,ATL,1199,16
HNL,DEN,3365,15
CLT,DEN,1337,36
DEN,HNL,3365,36
LAX,IAD,2288,24
OGG,LAX,2486,35
LAX,DEN,862,31
LAX,OGG,2486,54
IAD,LAX,2288,36
DEN,SJC,948,52
KOA,SFO,2367,20
SFO,EWR,2565,23
LAX,KOA,2504,56
SFO,ORD,1846,29
SEA,SFO,679,14
SFO,KOA,2367,17
KOA,LAX,2504,59
DEN,SAT,794,42
LIH,SFO,2447,27
SFO,SEA,679,16
MSP,DEN,680,27
LAX,MCO,2217,0
LIH,LAX,2615,14
LAX,LIH,2615,1
LAX,ORD,1745,43
OGG,DEN,3303,8
DEN,OGG,3303,57
HNL,SFO,2398,42
SFO,HNL,2398,6
SFO,IAD,2419,9
PDX,SFO,550,41
LAX,HNL,2556,22
HNL,LAX,2556,26
DEN,LAX,862,5
MDT,ORD,594,44
EWR,SFO,2565,43
EWR,LAX,2454,59
LAX,EWR,2454,3
DEN,SAN,853,46
PHL,DEN,1557,47
SJC,DEN,948,51
ORD,LAX,1745,4
OMA,DEN,472,6
DEN,BOS,1754,0
ORD,ALB,723,31
OAK,IAD,2408,23
IAD,ORD,589,12
JAX,ORD,865,6
ORD,SEA,1721,17
ORD,MSP,334,56
SMF,ORD,1781,58
OAK,ORD,1835,37
ORD,JAX,865,32
STL,DEN,770,40
BUF,ORD,473,16
ORD,PHL,678,57
LGA,ORD,733,33
RIC,ORD,642,50
ORD,SFO,1846,39
MSP,ORD,334,15
ATL,SFO,2139,37
ORD,RDU,647,43
BOS,DEN,1754,7
DEN,IAD,1452,10
DEN,SNA,846,8
ORD,OAK,1835,37
LAX,BOS,2611,7
BOS,LAX,2611,29
CMH,ORD,296,48
BOS,SFO,2704,3
SFO,BOS,2704,51
ORD,RIC,642,2
DEN,PIT,1290,59
SFO,PHL,2521,0
PHL,SFO,2521,9
IAD,SFO,2419,34
LAX,PHL,2401,43
PHL,LAX,2401,5
IAD,SEA,2306,13
BWI,ORD,622,8
ORD,BOS,867,21
PHL,ORD,678,45
SEA,ORD,1721,30
BOS,IAD,413,46
PDX,IAD,2327,25
DEN,CMH,1155,54
SEA,IAD,2306,53
PDX,DEN,992,36
IAD,PDX,2327,47
MSY,IAD,954,16
SMF,IAD,2358,55
IAD,SAN,2253,54
ALB,ORD,723,48
SAN,IAD,2253,46
IAD,RDU,224,59
SJC,IAD,2400,54
IAD,SJC,2400,7
RDU,IAD,224,23
ORD,PVD,849,48
ORD,DEN,888,46
DEN,ORD,888,30
EGE,DEN,121,6
ORD,BUF,473,60
DEN,DFW,641,42
ORD,ROC,528,36
DEN,STL,770,4
SNA,DEN,846,43
BOS,ORD,867,36
MSY,ORD,837,48
SAT,SFO,1482,1
DEN,PHL,1557,11
JAC,DEN,406,16
RDU,ORD,647,52
ORD,IAD,589,6
ORD,EWR,719,22
PIT,DEN,1290,36
MCO,LAX,2217,47
SFO,SAT,1482,12
EWR,ORD,719,32
BWI,LAX,2329,3
SFO,ATL,2139,5
PVD,ORD,849,15
IAD,OAK,2408,28
IAD,SMF,2358,37
SFO,MCO,2445,53
SFO,BWI,2457,59
BWI,SFO,2457,24
IAD,DEN,1452,42
IND,DEN,977,29
LAX,BWI,2329,38
CMH,DEN,1155,4
IAD,BDL,326,27
LGA,DEN,1619,30
DFW,DEN,641,30
SFO,DEN,967,30
ROC,ORD,528,44
ORD,PDX,1739,5
ORD,CMH,296,24
DEN,EGE,121,51
ORD,BWI,622,35
SFO,PDX,550,34
CLT,ORD,599,5
ORD,SAN,1723,20
DEN,PDX,992,35
ORD,SJC,1829,60
GEG,ORD,1498,21
ORD,GSO,590,51
BDL,ORD,783,59
DEN,LGA,1619,17
LAX,MSY,1671,60
ORD,MSY,837,49
DEN,JAC,406,24
DTW,DEN,1123,4
SAN,DEN,853,21
DEN,MSP,680,15
ORD,SNA,1726,9
ATL,DEN,1199,31
JAC,ORD,1162,31
SFO,AUS,1504,13
DEN,SMF,910,40
IAH,SFO,1635,53
SFO,IAH,1635,30
ORD,SMF,1781,59
ORD,MDT,594,5
ORD,BDL,783,40
DEN,CLT,1337,21
DEN,EWR,1605,35
IAD,BOS,413,58
GEG,DEN,836,56
SNA,ORD,1726,41
SAN,ORD,1723,14
SMF,DEN,910,21
SFO,DFW,1464,19
PDX,ORD,1739,49
MSY,LAX,1671,41
MHT,ORD,843,7
IAD,MSY,954,48
DEN,DCA,1476,34
BDL,IAD,326,1
SJC,ORD,1829,23
ORD,GEG,1498,16
EWR,DEN,1605,35
DFW,SFO,1464,39
RDU,DEN,1436,40
DEN,DTW,1123,20
ORD,LGA,733,21
GSO,ORD,590,4
ORD,DCA,612,20
DCA,ORD,612,17
ORD,STL,258,8
DEN,IND,977,35
AUS,SFO,1504,11
ORD,MHT,843,27
DCA,DEN,1476,27
DEN,GEG,836,45
ABQ,IAD,1628,45
IAD,ABQ,1628,38
DEN,RDU,1436,46
IAD,LGA,229,34
LGA,IAD,229,9
PHX,IAD,1956,46
IAD,PHX,1956,18
IAD,STT,1605,19
SJU,IAD,1571,11
STT,SJU,68,30
LAX,JAC,784,46
JAC,LAX,784,32
MCO,ORD,1005,56
ORD,MCO,1005,60
ORD,FLL,1182,43
FLL,ORD,1182,32
MTJ,DEN,197,11
DEN,MTJ,197,44
SEA,HNL,2677,36
KOA,DEN,3329,55
SAN,HNL,2614,15
SJU,ORD,2072,45
ORD,STT,2116,40
MIA,IAD,921,52
ORD,TPA,1012,19
RNO,DEN,804,34
ONT,DEN,819,49
DEN,FLL,1703,10
DEN,ONT,819,26
PHX,SFO,651,57
DEN,MIA,1709,49
MSY,DEN,1062,47
DEN,MSY,1062,36
IAD,FLL,901,24
PHX,ORD,1440,15
MIA,DEN,1709,46
LAS,ORD,1515,58
ORD,LAS,1515,17
TPA,ORD,1012,3
DEN,RNO,804,59
FLL,DEN,1703,7
ORD,PHX,1440,48
PBI,ORD,1144,2
SFO,PHX,651,30
FLL,IAD,901,25
ORD,PBI,1144,14
IAD,SJU,1571,20
ORD,SJU,2072,49
ALB,CLT,646,59
ANC,PHX,2551,42
ATL,LAS,1747,24
ATL,PHX,1587,54
BOS,CLT,728,17
BUF,CLT,546,8
BUF,DCA,296,35
BWI,CLT,361,35
CLT,ABE,481,31
CLT,ALB,646,22
CLT,BDL,644,49
CLT,BNA,329,42
CLT,BOS,728,45
CLT,BUF,546,50
CLT,BWI,361,26
CLT,DCA,331,40
CLT,DFW,936,0
CLT,EWR,529,17
CLT,FLL,631,32
CLT,IAH,913,26
CLT,IND,428,8
CLT,LAS,1916,45
CLT,LAX,2125,39
CLT,LGA,544,2
CLT,MCI,809,52
CLT,MCO,468,55
CLT,MIA,650,12
CLT,MSY,651,4
CLT,ORF,290,12
CLT,PBI,590,34
CLT,PHX,1774,30
CLT,RDU,130,56
CLT,RIC,256,19
CLT,RSW,600,15
CLT,SEA,2279,1
CLT,SJU,1474,4
CLT,STT,1520,57
CLT,TPA,508,35
DCA,CLT,331,5
DCA,FLL,899,55
DCA,MCO,759,5
DCA,PBI,857,25
DCA,SYR,298,15
DCA,TPA,814,33
DFW,CLT,936,40
DFW,PHL,1302,44
EWR,CLT,529,46
FLL,DCA,899,48
GEG,PHX,1020,54
HNL,PHX,2917,22
IAH,CLT,913,40
IND,CLT,428,25
JAX,DCA,634,55
JFK,PHX,2153,50
LAS,CLT,1916,13
LAS,EWR,2227,28
LAS,MSP,1300,43
LAX,PIT,2136,47
LGA,CLT,544,29
MCO,CLT,468,19
MHT,CLT,737,0
MSP,CLT,930,41
MSP,PHX,1276,44
MSY,CLT,651,8
PBI,LAS,2158,48
PHL,ATL,665,53
PHL,BOS,280,55
PHL,CLT,448,46
PHL,DFW,1302,39
PHL,RIC,198,32
PHX,ATL,1587,48
PHX,CLE,1737,32
PHX,CMH,1671,12
PHX,HNL,2917,19
PHX,KOA,2860,49
PHX,MSP,1276,9
PIT,CLT,366,19
RDU,PHX,1891,43
RIC,CLT,256,47
RIC,PHL,198,36
RSW,CLT,600,7
SYR,CLT,603,29
TPA,DCA,814,43
ANC,LAS,2304,19
ATL,PHL,665,25
BDL,CLT,644,16
BOS,DCA,399,7
BOS,PHL,280,21
BOS,PHX,2300,43
BOS,PIT,496,42
BOS,SJU,1674,39
BUF,PHL,279,14
CHS,CLT,168,0
CLE,PHX,1737,48
CLT,CHS,168,15
CLT,DTW,500,20
CLT,IAD,321,23
CLT,JAX,329,42
CLT,MDT,413,43
CLT,MSP,930,47
CLT,MYR,156,45
CLT,PHL,448,47
CLT,PIT,366,4
CLT,PVD,683,54
CLT,ROC,573,29
CLT,SAV,213,24
CLT,SYR,603,38
DCA,BOS,399,45
DCA,BUF,296,21
DCA,JAX,634,54
DCA,LGA,214,60
EWR,LAS,2227,46
EWR,PHX,2133,52
FLL,CLT,631,20
FLL,LAS,2174,26
FLL,PHX,1972,56
FLL,PIT,994,58
IAD,CLT,321,27
IAH,PHX,1009,29
JAX,CLT,329,17
JFK,LAS,2248,37
LAS,ANC,2304,25
LAS,DFW,1055,34
LAS,JFK,2248,51
LIH,PHX,2979,21
MCI,CLT,809,1
MCO,DCA,759,16
MKE,PHX,1460,4
MYR,CLT,156,32
OGG,PHX,2845,36
ORF,CLT,290,9
PBI,CLT,590,46
PBI,DCA,857,45
PHL,DCA,119,13
PHL,MIA,1013,56
PHL,SAN,2369,9
PHL,SEA,2378,32
PHL,SJU,1576,52
PHX,BOS,2300,13
PHX,CLT,1774,40
PHX,DFW,868,49
PHX,EWR,2133,53
PHX,FLL,1972,46
PHX,JFK,2153,51
PHX,OGG,2845,13
PVD,CLT,683,23
RDU,CLT,130,36
SAN,PHL,2369,26
SAV,CLT,213,23
SFO,PIT,2254,38
SJU,BOS,1674,26
SJU,CLT,1474,12
SJU,PHL,1576,20
STT,CLT,1520,17
TPA,CLT,508,36
ATL,CLT,227,22
BOS,LAS,2381,37
BWI,PHL,90,54
CLT,ATL,227,43
CLT,MHT,737,40
CLT,SAN,2077,15
CLT,SFO,2296,32
DTW,CLT,500,55
KOA,PHX,2860,39
LAS,BOS,2381,32
LAS,DCA,2089,3
LAS,FLL,2174,33
LAS,PBI,2158,42
LGA,DCA,214,35
MIA,CLT,650,37
MIA,PHL,1013,13
MSY,PHL,1088,57
PHL,DTW,453,52
PHL,MSY,1088,0
PHL,STT,1605,5
PHL,SYR,228,27
PHX,BOI,735,46
PIT,SFO,2254,58
ROC,CLT,573,36
RSW,DCA,892,20
SFO,CLT,2296,44
STT,PHL,1605,1
BOI,PHX,735,10
DFW,LAS,1055,22
LAS,DTW,1750,8
LAS,MIA,2175,8
LAX,CLT,2125,50
PHL,PDX,2406,24
PHX,TUS,110,7
PIT,LAX,2136,2
ALB,PHL,212,40
BOS,LGA,185,21
DCA,PHX,1979,19
DCA,PVD,357,35
DCA,RSW,892,60
DTW,LAS,1750,24
LGA,BOS,185,16
PHL,BUF,279,55
PHX,ANC,2551,27
SEA,PHL,2378,7
STX,CLT,1562,44
TUS,PHX,110,16
DCA,MSY,969,26
MSP,LAS,1300,59
PHX,IAH,1009,20
LAS,ATL,1747,1
PHX,DCA,1979,39
PHX,GEG,1020,17
PIT,FLL,994,52
SEA,CLT,2279,12
MSY,DCA,969,59
SAN,CLT,2077,24
DCA,LAS,2089,51
DFW,PHX,868,33
SYR,PHL,228,16
BDL,PHL,196,30
BDL,DCA,313,9
CLT,CLE,430,53
DCA,BDL,313,31
LGA,PIT,335,1
PHL,BDL,196,47
PHL,BWI,90,21
PIT,LGA,335,34
PVD,DCA,357,22
CLT,ILM,185,31
ILM,CLT,185,49
PIT,RSW,966,20
PIT,TPA,873,3
PHL,IND,587,4
ALB,DCA,318,6
SYR,DCA,298,12
DCA,ALB,318,42
PHL,ALB,212,12
STL,CLT,575,10
CLE,CLT,430,40
PHX,LIH,2979,22
PHX,MKE,1460,56
DTW,PHL,453,17
BDL,PHX,2213,52
BNA,CLT,329,25
CLT,EGE,1455,60
PHX,BDL,2213,58
ISP,RSW,1101,50
ALB,TPA,1130,55
ATL,MIA,595,38
CVG,TPA,773,55
ATL,RDU,356,52
PIT,ATL,526,60
EWR,SLC,1968,23
ATL,TPA,406,52
ATL,JFK,760,52
MCO,ATL,403,59
LAX,ATL,1946,15
ATL,LAX,1946,34
ATL,SAT,874,6
JFK,ATL,760,50
CVG,ATL,373,47
ATL,DCA,547,54
ATL,SJU,1547,28
ATL,LGA,761,41
LGA,ATL,761,10
ATL,BWI,576,32
ATL,SRQ,445,46
ATL,IAD,533,42
ATL,BOS,946,35
ATL,SAV,215,24
SEA,ATL,2182,59
ATL,FLL,581,14
ATL,JAX,270,29
CVG,LAS,1678,15
BWI,ATL,576,46
ANC,SLC,2125,42
ATL,SDF,321,34
ATL,ELP,1282,2
ATL,SEA,2182,59
CVG,LGA,585,14
ATL,CVG,373,17
BOS,FLL,1237,7
ATL,MCO,403,37
ATL,MCI,692,21
ATL,RSW,515,4
MIA,ATL,595,46
ATL,OAK,2130,16
FLL,BOS,1237,55
ATL,DAY,432,28
ATL,BDL,859,45
BDL,ATL,859,59
ATL,LIT,453,31
ATL,SLC,1589,40
ATL,RIC,481,57
ATL,PBI,545,13
IND,ATL,432,1
ATL,CLE,554,21
RDU,ATL,356,4
OAK,ATL,2130,39
MSY,ATL,425,12
ATL,ROC,749,24
ATL,LEX,303,2
ATL,JAN,341,18
ATL,MSY,425,57
PBI,ATL,545,28
ATL,EWR,745,1
JAX,ATL,270,36
AUS,ATL,813,38
ATL,CHS,259,51
ATL,DFW,732,10
ATL,PNS,272,39
ATL,HSV,151,42
ATL,CAE,191,43
ATL,ORF,516,28
VPS,ATL,264,32
SAV,ATL,215,52
TPA,ATL,406,12
SLC,PHL,1926,40
ATL,MLB,443,33
ATL,TYS,152,19
IAH,ATL,689,59
SFO,CVG,2036,27
MCO,JFK,944,1
JFK,TPA,1005,36
DCA,ATL,547,6
SLC,JFK,1989,6
JFK,SAN,2446,33
SLC,ATL,1589,29
MCI,ATL,692,35
JFK,BOS,187,45
FLL,CVG,932,39
CVG,CMH,116,58
SAT,ATL,874,3
CVG,SAN,1865,41
IAD,ATL,533,37
DCA,SLC,1851,15
ATL,MOB,302,50
EWR,ATL,745,32
ATL,SMF,2092,58
PHL,SLC,1926,3
SRQ,ATL,445,53
SDF,ATL,321,27
BOS,MCO,1121,32
BOS,ATL,946,60
DFW,ATL,732,48
ATL,AUS,813,41
BOS,JFK,187,47
ORF,ATL,516,44
ATL,IND,432,3
LAS,CVG,1678,22
ATL,PIT,526,54
CVG,SLC,1449,11
ATL,TUS,1541,55
SLC,FLL,2083,27
ATL,DTW,594,32
HNL,ATL,4502,27
ELP,ATL,1282,40
JFK,FLL,1069,23
ATL,ONT,1900,36
TUS,ATL,1541,21
TPA,CVG,773,13
CVG,DCA,411,55
PNS,ATL,272,12
CLT,SLC,1727,15
CVG,LAX,1900,16
DAB,ATL,366,56
ATL,DAB,366,10
ONT,ATL,1900,8
ATL,SAN,1891,49
LEX,ATL,303,47
MCO,BOS,1121,43
ATL,IAH,689,41
LIT,ATL,453,22
SAN,ATL,1891,41
CAE,ATL,191,3
GSO,ATL,306,21
LGA,CVG,585,12
CVG,FLL,932,3
CVG,BDL,661,32
RNO,ATL,1993,3
CVG,MCO,756,21
CVG,SFO,2036,34
CHS,ATL,259,47
LGA,RSW,1080,21
DAY,ATL,432,15
CLE,ATL,554,38
DCA,CVG,411,20
ATL,HNL,4502,51
RIC,ATL,481,36
SLC,BOS,2105,25
HSV,ATL,151,30
SLC,CVG,1449,13
BHM,ATL,134,44
ATL,SNA,1919,54
BDL,FLL,1173,58
LAX,BDL,2527,16
ATL,RNO,1993,20
PIT,CVG,256,15
FLL,ATL,581,14
ATL,ABQ,1269,58
ATL,JAC,1572,47
JAC,ATL,1572,42
BDL,CVG,661,19
RSW,CVG,879,3
ATL,GPT,352,39
GPT,ATL,352,56
TYS,ATL,152,1
SLC,EWR,1968,7
ATL,VPS,264,36
SMF,ATL,2092,41
MCO,CVG,756,19
ATL,TLH,223,39
CVG,BOS,752,41
ATL,HDN,1340,22
HDN,ATL,1340,4
BOS,SLC,2105,39
CVG,RSW,879,20
SNA,ATL,1919,25
FLL,LGA,1076,0
PHX,CVG,1569,44
LAX,FLL,2342,39
PBI,LGA,1035,19
SLC,HNL,2994,29
LGA,FLL,1076,56
TPA,JFK,1005,29
MCO,LGA,950,58
LGA,MCO,950,45
LGA,TPA,1011,5
JFK,MCO,944,47
JFK,SLC,1989,15
FLL,JFK,1069,31
DEN,JFK,1626,14
SLC,TPA,1887,36
MCO,SLC,1929,24
JFK,MIA,1090,55
ATL,SJC,2116,8
RSW,BDL,1180,25
SLC,MCO,1929,21
FLL,BDL,1173,55
BDL,LAX,2527,29
BDL,PBI,1133,20
CVG,ABQ,1240,26
PBI,BOS,1197,35
LAX,TPA,2158,33
BOS,PBI,1197,7
TPA,LGA,1011,9
LGA,PBI,1035,13
EGE,ATL,1312,37
LAX,CVG,1900,35
STT,ATL,1599,26
ATL,PDX,2172,4
OGG,SLC,2936,23
STT,JFK,1623,25
SAN,CVG,1865,33
SJU,ATL,1547,22
BOS,CVG,752,46
MLB,ATL,443,47
SJC,ATL,2116,31
ABQ,ATL,1269,46
PDX,ATL,2172,34
JFK,HDN,1749,44
HNL,SLC,2994,31
BOS,RSW,1249,37
RSW,BOS,1249,35
RDU,SLC,1823,6
SLC,RDU,1823,22
RDU,CVG,390,1
BDL,RSW,1180,54
RSW,LGA,1080,23
PBI,BDL,1133,28
RSW,ATL,515,18
FLL,LAX,2342,11
TPA,SLC,1887,25
SLC,DCA,1851,13
IAD,SLC,1827,9
DTW,ATL,594,28
TPA,LAX,2158,19
SLC,CLT,1727,26
JFK,CVG,589,14
CMH,CVG,116,14
ROC,ATL,749,59
PDX,CVG,1975,8
ATL,GSO,306,14
CVG,PDX,1975,60
CVG,PHX,1569,20
CVG,SEA,1964,45
PHF,ATL,508,28
SLC,IAD,1827,26
SLC,ANC,2125,0
CVG,PIT,256,55
BOS,TPA,1185,59
SLC,OGG,2936,34
JFK,SJU,1597,30
SJU,JFK,1597,6
ATL,CMH,446,52
JAN,ATL,341,16
ATL,EGE,1312,38
MIA,JFK,1090,3
PDX,JFK,2454,15
ATL,STT,1599,19
SEA,CVG,1964,14
CVG,BWI,430,51
FLL,SLC,2083,57
JFK,SEA,2421,52
CMH,ATL,446,23
LGA,MSY,1183,10
ATL,MCN,79,15
ATL,VLD,208,42
ATL,SBN,566,53
ATL,PVD,903,26
ATL,AVL,164,56
TUL,ATL,674,25
HPN,ATL,780,60
MFE,ATL,974,33
CAK,CVG,214,52
CVG,CAK,214,47
ATL,BTR,449,13
ATL,CSG,83,43
ATL,TRI,227,41
OKC,ATL,761,3
ATL,HPN,780,52
ATL,ILM,377,39
ATL,SWF,784,48
MDT,ATL,619,36
ATL,BQK,238,31
ATL,CRW,363,1
CVG,PHL,507,5
PHL,CVG,507,39
ATL,OKC,761,10
CRW,ATL,363,55
SHV,ATL,552,50
ATL,OMA,821,48
MGM,ATL,147,35
ATL,MYR,317,30
PFN,ATL,247,48
ATL,ABE,692,28
ABE,ATL,692,32
CAK,ATL,528,42
GRR,ATL,640,4
ATL,CHA,106,28
CHA,ATL,106,44
ATL,TUL,674,48
ATL,ICT,781,59
ATL,MEI,267,50
FAY,ATL,331,29
ATL,SYR,793,52
SYR,ATL,793,24
MEM,CVG,403,6
CVG,MEM,403,29
ATL,MGM,147,46
ATL,DSM,743,56
DSM,ATL,743,13
AGS,ATL,143,24
ROA,ATL,357,20
ATL,AVP,714,8
MOB,ATL,302,47
ATL,ALB,852,32
MLI,ATL,633,32
ATL,FAY,331,14
ATL,EWN,433,12
ATL,MLI,633,40
CVG,AVL,275,5
ATL,CAK,528,38
BTR,ATL,449,2
CAE,LGA,617,14
FWA,ATL,508,35
DCA,JAN,860,52
ICT,ATL,781,57
ATL,SCE,615,15
BGR,ATL,1134,25
GNV,ATL,300,50
JAN,DCA,860,0
PVD,ATL,903,27
ABY,ATL,146,38
ATL,CRP,876,45
ATL,LFT,503,6
ATL,MHT,952,21
ATL,DHN,171,19
DHN,ATL,171,13
AVL,ATL,164,7
EVV,ATL,350,5
ATL,EYW,646,47
ATL,SGF,563,34
ATL,MDT,619,32
FNT,ATL,644,46
TRI,ATL,227,34
OAJ,ATL,399,44
ATL,EVV,350,7
ATL,SHV,552,47
ATL,PFN,247,13
CVG,CAE,404,37
LAN,CVG,258,9
CAE,CVG,404,5
ATL,GNV,300,43
PIA,ATL,564,21
ATW,ATL,765,40
ATL,BMI,533,51
AEX,ATL,500,17
OMA,ATL,821,4
CID,ATL,694,23
ATL,ROA,357,47
ATL,PHF,508,46
ATL,MSN,707,7
MSN,ATL,707,38
TUL,CVG,646,39
SWF,ATL,784,39
ATL,FNT,644,14
EWN,ATL,433,43
ATL,AGS,143,59
MEI,ATL,267,46
CRP,ATL,876,39
ATL,PWM,1027,35
PWM,ATL,1027,46
GRK,ATL,803,8
ATL,ABY,146,7
ATL,AEX,500,35
ILM,ATL,377,8
ATL,GRR,640,19
ATL,CHO,457,7
GTR,ATL,241,42
ALB,ATL,852,24
ATL,OAJ,399,46
LFT,ATL,503,51
LYH,ATL,389,4
ATL,MFE,974,46
ATL,ATW,765,12
HHH,ATL,239,12
EYW,ATL,646,22
VLD,ATL,208,52
MYR,ATL,317,13
FSD,ATL,954,30
ATL,FSM,579,28
ATL,PIA,564,3
ATL,GRK,803,58
ATL,FWA,508,58
CSG,ATL,83,21
GRB,ATL,774,5
GRB,CVG,416,56
CVG,GRB,416,26
MHT,ATL,952,39
ISP,ATL,795,47
AVP,ATL,714,11
ATL,MLU,448,32
MLU,ATL,448,38
TLH,ATL,223,37
CVG,MDT,429,11
JAN,CVG,555,35
DCA,HSV,613,14
AVL,CVG,275,10
CVG,OMA,614,46
ATL,GRB,774,22
ATL,FLO,273,7
ATL,HHH,239,18
ATL,CID,694,34
HSV,DCA,613,28
CVG,BTR,693,31
OMA,CVG,614,10
ATL,TOL,549,25
CVG,TUL,646,15
ACY,ATL,678,32
ATL,BTV,960,49
BTV,ATL,960,1
FSM,ATL,579,47
ATL,ISP,795,33
ATL,LYH,389,6
SGF,ATL,563,59
ATL,GTR,241,58
BMI,ATL,533,13
MCN,ATL,79,14
MDT,CVG,429,28
CHO,ATL,457,20
TOL,ATL,549,0
SBN,ATL,566,26
FLO,ATL,273,19
BQK,ATL,238,3
LGA,CAE,617,35
CVG,HSV,325,22
CVG,EWR,569,8
EWR,CVG,569,45
HSV,CVG,325,58
ATL,ACY,678,36
SCE,ATL,615,53
ATL,FSD,954,14
CVG,JAN,555,56
ATL,BGR,1134,1
MEM,MCO,683,28
PBI,DEN,1679,24
DEN,CAK,1224,30
CAK,DEN,1224,16
DEN,BDL,1671,5
FLL,MEM,851,51
MCO,MEM,683,31
DEN,JAX,1447,3
BDL,DEN,1671,12
DEN,SDF,1023,31
SDF,DEN,1023,40
JAX,DEN,1447,34
DEN,RSW,1606,49
MEM,FLL,851,6
DEN,PBI,1679,5
RSW,DEN,1606,26
LAS,HNL,2762,44
HNL,LAS,2762,8
HNL,SAN,2614,53
SMF,HNL,2462,3
HNL,SMF,2462,4
HNL,SEA,2677,12
HNL,PDX,2603,35
SEA,OGG,2640,3
OGG,SEA,2640,2
SAN,OGG,2541,21
OGG,SAN,2541,40
PDX,OGG,2562,55
OGG,PDX,2562,11
SJC,HNL,2416,9
HNL,SJC,2416,29
ITO,HNL,216,34
KOA,HNL,163,60
HNL,LIH,102,3
LIH,HNL,102,21
HNL,OGG,100,14
HNL,KOA,163,31
OGG,HNL,100,53
KOA,OGG,84,38
HNL,ITO,216,53
LIH,OGG,202,9
XNA,LAX,1371,42
LAX,XNA,1371,44
DFW,LAW,140,12
LAW,DFW,140,27
DFW,TYR,103,42
GRK,DFW,134,13
DFW,GRK,134,3
AEX,DFW,285,2
DFW,AEX,285,2
SPS,DFW,113,6
DFW,CLL,164,18
ABI,DFW,158,37
DFW,ABI,158,3
DFW,TXK,181,12
CLL,DFW,164,59
TYR,DFW,103,1
DFW,LFT,351,56
DFW,ACT,89,28
GGG,DFW,140,42
MLU,DFW,293,39
DFW,SPS,113,34
LFT,DFW,351,27
ACT,DFW,89,16
SJT,DFW,228,55
DFW,SJT,228,51
TXK,DFW,181,6
DFW,GGG,140,44
DFW,SHV,190,8
SHV,DFW,190,45
DFW,MLU,293,14
LRD,DFW,394,2
DFW,LRD,394,42
MOB,DFW,540,33
DFW,XNA,281,36
DFW,AMA,313,25
VPS,DFW,626,37
DFW,VPS,626,54
LIT,DFW,304,32
DFW,LIT,304,34
PIT,DFW,1068,30
DFW,PIT,1068,53
FSM,DFW,228,41
CID,DFW,685,33
DFW,FNT,1003,47
GPT,DFW,500,1
DFW,SGF,364,17
SGF,DFW,364,46
DFW,GPT,500,37
MSN,DFW,821,17
DFW,TYS,772,39
TYS,DFW,772,11
CAE,DFW,922,11
DFW,MAF,309,35
LBB,DFW,282,12
DFW,LBB,282,38
BTR,DFW,383,6
DFW,BTR,383,28
DFW,HSV,603,55
DFW,MOB,540,60
HOU,DFW,247,18
DFW,HOU,247,8
DFW,CAE,922,8
CRP,DFW,354,49
DFW,CRP,354,32
DFW,CLE,1021,58
ICT,DFW,328,35
DFW,ICT,328,19
MAF,DFW,309,57
AMA,DFW,313,14
DFW,PNS,604,21
PNS,DFW,604,5
XNA,DFW,281,58
PIA,DFW,673,26
CMI,DFW,693,45
DFW,CMI,693,53
CHA,DFW,695,17
DFW,FWA,859,35
DFW,CHA,695,11
CHS,DFW,987,56
DFW,SDF,733,30
DFW,CHS,987,53
SDF,DFW,733,6
DFW,FSM,228,7
DFW,SBA,1315,40
SBA,DFW,1315,5
HSV,DFW,603,25
DFW,JAN,408,22
DFW,CID,685,34
DFW,LEX,785,13
CLE,DFW,1021,38
JAN,DFW,408,5
GSP,DFW,862,11
LEX,DFW,785,51
OKC,DFW,175,24
GSO,DFW,999,11
DFW,GSO,999,4
DFW,PIA,673,53
DFW,OKC,175,19
FNT,DFW,1003,25
DFW,CMH,927,32
CMH,DFW,927,7
DFW,MKE,853,35
MKE,DFW,853,12
MDT,DFW,1232,27
DFW,DSM,624,54
DSM,DFW,624,42
DFW,ORF,1213,7
ORF,DFW,1213,10
TUL,DFW,237,11
DFW,TUL,237,32
DFW,MSN,821,16
DFW,EVV,642,56
GRR,DFW,931,48
DFW,GRR,931,41
ROW,DFW,435,6
DFW,ROW,435,46
SAV,DFW,925,7
DFW,SAV,925,35
DFW,GSP,862,47
MLI,DFW,691,23
FWA,DFW,859,25
EVV,DFW,642,59
DFW,MDT,1232,23
DFW,MLI,691,7
MTJ,DFW,722,36
DFW,MTJ,722,20
CMH,MIA,990,20
MIA,CMH,990,41
FNT,ORD,223,45
ORD,CMI,135,39
CMI,ORD,135,14
MIA,RIC,826,6
ORD,SHV,733,6
MOB,ORD,779,15
ORD,MOB,779,19
ORD,LIT,552,23
JFK,BWI,184,28
LIT,ORD,552,20
GRB,MQT,134,33
BWI,JFK,184,25
ORD,EVV,273,50
MIA,CVG,948,2
EVV,ORD,273,38
ORD,RST,268,48
RST,ORD,268,21
MQT,ORD,303,19
ORD,MQT,303,27
ORD,CHA,501,7
ORD,LSE,215,41
LSE,ORD,215,11
ORD,FNT,223,10
ORD,DBQ,147,22
ORD,GPT,800,42
GPT,ORD,800,17
JAN,ORD,677,44
ORD,JAN,677,18
ORD,GSP,577,49
MKE,MQT,236,59
MQT,MKE,236,23
CHA,ORD,501,25
GSP,ORD,577,20
ORD,JFK,740,15
MIA,IND,1021,22
IND,MIA,1021,22
MIA,GSO,710,19
ORF,MIA,802,17
MIA,ORF,802,9
DBQ,ORD,147,32
HSV,ORD,510,43
ORD,BTR,810,56
RIC,MIA,826,5
MIA,MEM,860,14
PIT,MIA,1013,14
ORD,HSV,510,18
TOL,ORD,214,0
PIT,JFK,340,50
JFK,PIT,340,33
ORD,PNS,794,28
GSO,MIA,710,50
PNS,ORD,794,49
ORD,TOL,214,14
MIA,PIT,1013,7
CVG,MIA,948,1
MIA,SDF,911,50
SDF,MIA,911,6
BTR,ORD,810,21
JFK,ORD,740,0
MQT,GRB,134,40
CLE,JFK,425,29
JFK,CLE,425,50
ORD,VPS,800,12
VPS,ORD,800,48
MEM,MIA,860,8
SHV,ORD,733,19
XNA,MIA,1100,12
MIA,XNA,1100,34
RDU,JAX,408,15
JAX,RDU,408,2
CLE,MIA,1080,42
MIA,CLE,1080,39
BOS,RDU,612,50
RDU,SDF,416,5
SDF,RDU,416,42
CMH,BOS,640,34
RDU,JFK,426,52
BOS,CMH,640,59
RDU,XNA,868,8
XNA,RDU,868,56
RDU,BOS,612,4
DCA,BNA,562,2
BNA,DCA,562,42
XNA,DCA,963,31
DCA,XNA,963,4
DCA,RDU,227,42
RDU,DCA,227,33
EWR,RDU,416,9
RDU,EWR,416,25
BDL,RDU,532,39
JFK,RDU,426,8
RDU,BDL,532,60
CMH,RDU,361,36
RDU,CMH,361,25
RDU,MCI,904,53
MCI,RDU,904,55
LGA,RDU,431,45
BNA,STL,271,32
STL,JFK,892,12
SGF,STL,195,46
STL,BNA,271,21
RDU,LGA,431,5
JFK,STL,892,48
STL,SGF,195,39
DCA,JFK,213,59
JFK,DCA,213,45
DSM,LGA,1031,25
LGA,DSM,1031,11
LGA,XNA,1147,13
CLE,LGA,418,58
MSN,LGA,812,36
LGA,SDF,658,59
SDF,LGA,658,53
LGA,DTW,501,34
LGA,MSN,812,54
XNA,LGA,1147,59
LGA,CMH,478,20
CMH,LGA,478,22
FNT,LGA,530,46
LGA,FNT,530,51
DTW,LGA,501,47
LGA,CLE,418,45
MEM,LGA,963,53
LGA,MEM,963,55
DFW,HNL,3784,23
OGG,DFW,3711,54
DFW,OGG,3711,4
HNL,DFW,3784,19
SAN,JFK,2446,37
LAX,MIA,2342,27
BOS,SAN,2588,28
SAN,BOS,2588,53
LAX,SJU,3386,5
SJU,LAX,3386,28
MIA,LAX,2342,56
SEA,JFK,2421,10
SFO,MIA,2585,11
DFW,MCO,984,23
ORD,MIA,1197,11
MIA,ORD,1197,54
DFW,RDU,1062,52
DFW,TPA,929,15
SAT,DFW,247,44
DFW,BWI,1217,34
RSW,DFW,1017,24
DFW,RSW,1017,38
TUS,DFW,813,53
DFW,STL,551,43
DFW,DCA,1192,34
ABQ,DFW,569,51
DFW,BHM,597,16
DFW,BNA,631,35
IAH,DFW,224,36
DFW,BDL,1471,50
RIC,DFW,1158,46
OMA,DFW,583,19
DCA,DFW,1192,46
DFW,FAT,1313,17
ELP,ORD,1236,21
STL,DFW,551,55
BUR,DFW,1231,58
DFW,MCI,460,42
DFW,ONT,1189,43
BDL,DFW,1471,24
DFW,SAT,247,30
IND,DFW,762,21
EWR,DFW,1372,12
DFW,ABQ,569,20
SJU,TPA,1237,31
DFW,SNA,1205,29
DFW,ELP,551,42
JFK,DFW,1391,28
DFW,MFE,468,44
JAX,DFW,919,50
DFW,TUS,813,21
RDU,DFW,1062,23
DFW,JFK,1391,51
SAN,DFW,1171,18
STL,SAN,1558,5
MIA,DTW,1145,9
MIA,DFW,1121,41
STL,RDU,667,12
MIA,MCO,193,26
ELP,DFW,551,41
MIA,BNA,806,12
DFW,AUS,190,7
MEM,DFW,432,40
AUS,DFW,190,44
ORD,ELP,1236,9
DFW,BOS,1562,2
MIA,SFO,2585,10
DFW,FLL,1119,34
DCA,MIA,920,25
DFW,OMA,583,28
ONT,DFW,1189,26
MIA,MSY,674,7
DFW,MSP,852,36
MIA,BOS,1258,38
DFW,PDX,1616,57
STL,ORD,258,18
MSY,LGA,1183,9
DFW,SAN,1171,52
FAT,DFW,1313,46
FLL,DFW,1119,44
SEA,DFW,1660,27
SJU,MCO,1189,57
DFW,IND,762,24
DFW,MIA,1121,50
DFW,JAX,919,22
PSP,DFW,1126,6
DFW,BUR,1231,51
DTW,DFW,987,37
PBI,DFW,1103,6
PHX,MIA,1972,9
SJC,AUS,1476,28
DFW,MSY,448,35
DFW,COS,592,22
TPA,SJU,1237,25
DCA,STL,719,30
DFW,SJC,1438,35
BOS,MIA,1258,7
PDX,DFW,1616,29
DFW,DTW,987,9
MIA,DCA,920,39
MSY,MIA,674,5
DFW,SEA,1660,24
ORD,PSP,1652,35
DFW,EWR,1372,2
MIA,STL,1068,36
SJU,EWR,1608,57
SJU,MIA,1045,38
MIA,LGA,1097,13
LGA,MIA,1097,39
FLL,SJU,1046,14
DFW,SJU,2165,16
MFE,DFW,468,27
RNO,DFW,1345,2
SMF,DFW,1431,33
BWI,DFW,1217,22
SJU,DFW,2165,22
MIA,SJU,1045,42
DFW,RIC,1158,46
JFK,STT,1623,10
DFW,DAY,861,21
TPA,DFW,929,54
BNA,DFW,631,24
STT,MIA,1107,47
RDU,MIA,700,58
SJC,DFW,1438,27
MIA,IAH,964,14
MSP,DFW,852,16
MIA,EWR,1086,4
DFW,LGA,1389,43
DFW,PSP,1126,27
LGA,DFW,1389,46
TUS,ORD,1437,17
MIA,TPA,204,59
MSY,DFW,448,30
RSW,ORD,1120,27
MIA,STT,1107,24
MIA,STX,1139,51
MSP,MIA,1501,2
SJU,BWI,1565,53
STL,BOS,1046,13
PSP,ORD,1652,16
MIA,RDU,700,34
MCI,DFW,460,26
STL,LGA,887,30
STT,BOS,1693,29
MCO,SJU,1189,37
MCO,MIA,193,6
BOS,STT,1693,22
STL,DCA,719,3
SAT,STL,786,29
MCO,DFW,984,49
BNA,MIA,806,37
MIA,BWI,946,2
DFW,IAH,224,6
OAK,DFW,1456,30
MIA,PHX,1972,7
COS,DFW,592,5
TPA,MIA,204,48
AUS,SJC,1476,29
BOS,DFW,1562,6
SNA,DFW,1205,49
BWI,MIA,946,60
STL,SFO,1736,44
RDU,AUS,1162,20
DFW,RNO,1345,40
SAN,STL,1558,42
IAD,DFW,1172,21
BNA,LGA,764,9
ORD,ABQ,1118,19
SNA,STL,1570,4
DFW,SMF,1431,20
LGA,BNA,764,20
EWR,SJU,1608,19
MSP,LGA,1020,6
LGA,MSP,1020,41
MIA,BDL,1194,45
AUS,RDU,1162,9
DFW,MEM,432,12
DAY,DFW,861,39
SFO,STL,1736,20
STX,MIA,1139,31
IAH,MIA,964,44
DFW,OAK,1456,36
DFW,IAD,1172,38
SJU,BDL,1666,16
ORD,TUS,1437,2
STL,RSW,979,32
BDL,SJU,1666,30
SEA,STL,1710,8
BHM,DFW,597,14
AUS,SNA,1209,19
RDU,STL,667,20
ORD,RNO,1671,4
ORD,RSW,1120,37
DFW,PBI,1103,33
ABQ,ORD,1118,28
BOS,STL,1046,53
STL,AUS,722,30
STL,SEA,1710,26
SNA,AUS,1209,32
EWR,MIA,1086,42
AUS,STL,722,18
RNO,ORD,1671,43
LGA,STL,887,1
STL,MIA,1068,5
MIA,LAS,2175,53
BWI,SJU,1565,11
SJU,FLL,1046,52
SJU,STT,68,56
BDL,MIA,1194,29
MIA,MSP,1501,44
IAD,MIA,921,47
DFW,EGE,720,21
EGE,DFW,720,8
HDN,DFW,769,8
DFW,HDN,769,5
RSW,STL,979,26
EGE,ORD,1007,50
DFW,GUC,678,57
JAC,DFW,1046,54
ORD,EGE,1007,47
EGE,LAX,748,58
LAX,EGE,748,12
DFW,JAC,1046,3
GUC,DFW,678,26
MIA,EGE,1811,60
LGA,EGE,1739,30
EGE,LGA,1739,11
EGE,EWR,1725,48
EWR,EGE,1725,31
EGE,MIA,1811,37
MTJ,ORD,1081,43
DTW,MIA,1145,2
SAN,SEA,1050,52
SEA,SAN,1050,36
SEA,PSP,987,13
KTN,SIT,183,14
JNU,ANC,571,18
PSP,SEA,987,19
SIT,JNU,95,18
SEA,BUR,937,6
SEA,LGB,965,9
BUR,SEA,937,25
ORD,ANC,2846,9
SEA,JNU,909,29
LGB,SEA,965,5
ONT,SEA,956,18
BOS,PDX,2537,31
PSG,JNU,123,55
ANC,CDV,160,29
JNU,PSG,123,50
CDV,YAK,213,16
JNU,SEA,909,50
YAK,JNU,199,2
SEA,DCA,2329,36
PDX,SAN,933,12
MCO,SEA,2553,3
SEA,ANC,1449,23
SEA,SNA,978,45
DCA,SEA,2329,3
SAN,PDX,933,18
MCO,PDX,2534,56
SEA,EWR,2401,7
ANC,SEA,1449,33
EWR,SEA,2401,0
ONT,PDX,838,21
LAX,DCA,2311,49
PDX,ANC,1542,50
SEA,ONT,956,39
SEA,KTN,680,46
SEA,MIA,2724,33
PDX,ONT,838,13
PDX,SNA,859,25
TUS,SEA,1216,55
ANC,FAI,261,13
HNL,ANC,2777,39
JNU,SIT,95,58
JNU,YAK,199,36
ANC,ORD,2846,13
PSP,PDX,873,41
SEA,TUS,1216,46
MIA,SEA,2724,45
PDX,PSP,873,28
SEA,FAI,1533,5
BET,ANC,399,55
BRW,FAI,503,58
SCC,BRW,204,12
FAI,ANC,261,36
FAI,BRW,503,58
SNA,PDX,859,23
KTN,SEA,680,11
ANC,OTZ,549,33
SEA,MCO,2553,38
SIT,KTN,183,16
PDX,MCO,2534,47
SNA,SEA,978,28
BOS,SEA,2496,57
CDV,ANC,160,43
BRW,ANC,725,39
YAK,CDV,213,38
ANC,BET,399,35
ANC,PDX,1542,14
ANC,ADQ,252,30
ADQ,ANC,252,1
ANC,JNU,571,31
KTN,WRG,82,32
WRG,PSG,31,48
JNU,KTN,234,23
BUR,PDX,817,27
OME,ANC,539,5
FAI,SCC,373,10
FAI,SEA,1533,33
PDX,BUR,817,23
PSG,WRG,31,55
SEA,BOS,2496,41
SCC,ANC,626,59
OTZ,ANC,549,16
OME,OTZ,183,30
ANC,OME,539,0
KTN,JNU,234,47
WRG,KTN,82,53
ANC,SCC,626,36
PDX,BOS,2537,8
ANC,HNL,2777,60
LIH,SEA,2701,5
SEA,LIH,2701,16
OTZ,OME,183,43
DCA,LAX,2311,6
ANC,ADK,1192,26
ADK,ANC,1192,6
BNA,JFK,766,13
BOS,AUS,1698,11
BOS,OAK,2693,16
BOS,RIC,474,3
BTV,JFK,267,19
BUF,BOS,396,33
BUF,FLL,1166,27
BUF,JFK,301,0
CLT,JFK,541,36
EWR,FLL,1065,8
EWR,MCO,938,13
EWR,PBI,1024,46
FLL,BUF,1166,55
FLL,EWR,1065,35
FLL,HPN,1098,50
FLL,LGB,2327,59
FLL,OAK,2575,34
FLL,PSE,1032,29
FLL,RIC,805,8
FLL,SWF,1119,33
FLL,SYR,1197,42
HPN,MCO,972,26
HPN,PBI,1057,16
IAD,JFK,228,35
JAX,JFK,829,28
JFK,AUS,1522,26
JFK,BNA,766,32
JFK,BUF,301,46
JFK,CLT,541,58
JFK,CMH,483,17
JFK,DEN,1626,12
JFK,IAD,228,45
JFK,JAX,829,58
JFK,LGB,2465,34
JFK,MSY,1182,58
JFK,PBI,1028,13
JFK,PWM,274,8
JFK,ROC,264,33
JFK,RSW,1074,50
JFK,SMF,2521,17
JFK,SRQ,1041,13
JFK,SYR,209,29
LAS,LGB,231,31
LGB,JFK,2465,4
LGB,OAK,353,36
LGB,ORD,1735,46
LGB,SMF,387,34
MCO,BQN,1129,21
MCO,EWR,938,25
MCO,HPN,972,47
MCO,ROC,1033,9
MCO,SWF,989,46
MCO,SYR,1053,25
MSY,JFK,1182,37
OAK,FLL,2575,58
OAK,LGB,353,4
ORD,LGB,1735,41
PBI,EWR,1024,18
PBI,HPN,1057,0
PBI,JFK,1028,20
PIT,BOS,496,43
PSE,MCO,1180,32
PWM,JFK,274,26
RIC,FLL,805,51
RIC,JFK,288,7
ROC,JFK,264,25
RSW,EWR,1068,40
RSW,JFK,1074,31
SMF,LGB,387,9
SRQ,JFK,1041,42
SWF,FLL,1119,11
SWF,MCO,989,11
SYR,JFK,209,57
TPA,EWR,998,32
AUS,JFK,1522,30
BOS,BUF,396,3
BQN,MCO,1129,0
CMH,JFK,483,41
HOU,JFK,1428,34
HPN,FLL,1098,57
JFK,BQN,1576,7
JFK,BTV,267,19
JFK,BUR,2465,22
JFK,HOU,1428,46
JFK,ONT,2430,27
JFK,PDX,2454,2
JFK,RIC,288,58
LGB,FLL,2327,27
LGB,IAD,2277,4
MCO,PSE,1180,26
OAK,BOS,2693,34
OAK,JFK,2576,22
SMF,JFK,2521,56
SYR,MCO,1053,32
TUS,JFK,2136,39
BOS,LGB,2602,19
JFK,PSE,1617,2
ONT,JFK,2430,19
PSE,FLL,1032,15
RIC,BOS,474,45
BQN,JFK,1576,18
BUR,JFK,2465,11
EWR,TPA,998,42
IAD,LGB,2277,6
JFK,OAK,2576,29
LGB,LAS,231,23
PSE,JFK,1617,13
BOS,SJC,2689,29
LGB,BOS,2602,47
ROC,MCO,1033,3
SJC,BOS,2689,31
TPA,BOS,1185,58
BUF,RSW,1144,47
HPN,RSW,1102,53
RSW,BUF,1144,49
JFK,TUS,2136,60
MCO,BTV,1195,38
PWM,MCO,1214,11
RSW,HPN,1102,14
SYR,FLL,1197,25
MCO,PWM,1214,23
BTV,MCO,1195,16
AUS,BOS,1698,31
SJC,JFK,2569,22
JFK,SJC,2569,37
LAX,JAX,2153,2
JAX,LAX,2153,60
LAX,RDU,2239,27
CMH,LAX,1996,53
LAX,CMH,1996,29
CVG,SNA,1877,2
ATL,BZN,1641,43
BZN,ATL,1641,24
SNA,CVG,1877,44
STX,ATL,1638,18
SLC,LGA,1982,27
CVG,JFK,589,35
EGE,CVG,1189,58
CVG,EGE,1189,2
LAS,LIT,1295,46
JAX,IND,688,30
LIT,PHX,1136,39
BDL,LAS,2298,48
OKC,BWI,1180,58
RDU,FLL,680,58
SMF,MCI,1442,41
ABQ,BWI,1670,23
FLL,RDU,680,34
XNA,SGF,84,43
MCI,EWR,1092,38
FAR,MCI,536,29
DRO,ABQ,159,49
GRB,DEN,905,48
GRB,SDF,453,8
ATW,DSM,321,52
GRB,MKE,107,57
ATW,MKE,96,28
MRY,DEN,960,38
HSV,TUS,1405,17
DSM,LAX,1447,33
BFL,DEN,845,4
ATL,ASE,1304,24
LAX,DSM,1447,23
MFR,SBA,572,32
CPR,DEN,230,33
ANC,DEN,2406,11
DEN,ANC,2406,59
IAD,TUS,1933,18
TUS,IAD,1933,58
DEN,LIH,3414,36
DEN,KOA,3329,33
ABE,CLT,481,18
CLT,STL,575,9
PHL,ORF,211,57
EGE,CLT,1455,30
DCA,MHT,407,13
MHT,DCA,407,60
DCA,PIT,205,59
MDT,CLT,413,36
CLT,DAB,416,46
RSW,PIT,966,27
SRQ,DCA,851,21
LGA,HDN,1742,44
HDN,LGA,1742,12
BWI,CVG,430,22
ABQ,CVG,1240,52
BOS,SRQ,1220,41
SRQ,BOS,1220,54
LGA,SRQ,1047,6
SRQ,LGA,1047,60
CVG,SGF,491,33
ATL,MDW,590,44
MDW,ATL,590,53
BTR,DEN,997,19
ITO,OGG,121,39
OGG,ITO,121,30
STL,SNA,1570,44
STL,SAT,786,56
ORD,MTJ,1081,5
EWR,RSW,1068,58
SWF,PBI,1077,16
HDN,JFK,1749,8
MCO,OMA,1210,16
MCO,TUL,1005,18
DAL,HRL,458,33
FLL,MHT,1263,11
HRL,DAL,458,46
RNO,ONT,394,5
PHL,AUS,1430,2
PHL,SAT,1495,23
STL,PHL,813,28
PHL,STL,813,47
SAT,PHL,1495,55
AUS,PHL,1430,33
MKE,ATW,96,16
MKE,STL,317,18
STL,MKE,317,15
MKE,DAY,284,37
DAY,MKE,284,46
MKE,GRR,120,22
GRR,MKE,120,8
BNA,MKE,475,28
MKE,FNT,211,13
FNT,MKE,211,9
MKE,BNA,475,40
AUS,MSY,445,23
ASE,ATL,1304,23
GJT,ASE,89,14
TUL,ASE,636,20
GJT,LAX,656,11
COS,CLE,1221,47
AUS,DSM,813,50
ORF,BOI,2144,21
SGF,BNA,380,42
TVC,MSN,217,30
LNK,PIA,371,21
MCI,MKE,436,58
ICT,SLC,808,19
DEN,CPR,230,8
LIH,DEN,3414,57
CLT,STX,1562,59
LGA,STT,1634,16
STT,LGA,1634,10
PDX,PHL,2406,22
CVG,JAC,1386,40
JAC,CVG,1386,33
CVG,GRR,268,60
ATL,LAW,804,26
LAW,ATL,804,24
GRR,CVG,268,25
CVG,CID,419,19
TYS,CVG,226,4
PDX,HNL,2603,30
MIA,TLH,403,0
TLH,MIA,403,54
PBI,SWF,1077,16
BOS,JAX,1011,33
JAX,BOS,1011,58
MHT,FLL,1263,27
OKC,MCO,1068,21
MKE,SDF,348,26
SDF,MKE,348,46
MKE,MKG,85,47
MKG,GRR,41,57
MKG,MKE,85,3
MKE,IND,238,50
MKE,CWA,154,47
MKE,GRB,107,36
MKE,DSM,311,19
MKE,CLE,328,33
CLE,MKE,328,14
CWA,MKE,154,1
IAH,SAT,191,11
IND,MKE,238,49
DSM,MKE,311,4
RAP,ORD,780,28
SDF,SLC,1408,16
ORD,RAP,780,38
CDC,LAX,395,25
DCA,SRQ,851,25
IND,PHL,587,40
CVG,SDF,83,15
CVG,BNA,230,31
PVD,CVG,722,34
BNA,CVG,230,54
CVG,PVD,722,49
CVG,LEX,70,26
SGF,CVG,491,9
CLT,CVG,335,3
CVG,CLT,335,33
SDF,CVG,83,30
LEX,CVG,70,44
CVG,MKE,318,49
DFW,GJT,772,59
GJT,DFW,772,6
ROC,DFW,1266,11
DFW,ROC,1266,34
SYR,DFW,1337,17
DFW,SYR,1337,17
BNA,IAD,542,29
AUS,SEA,1770,33
SEA,AUS,1770,26
LAX,ANC,2345,27
DLG,ANC,329,38
AKN,DLG,71,4
ANC,AKN,289,13
AUS,OAK,1497,25
ONT,RNO,394,15
LAS,JAX,1965,26
BNA,ORF,585,14
FLL,AUS,1105,37
SLC,SDF,1408,52
MKG,FNT,127,31
AZO,FAR,642,60
OMA,BHM,732,36
CLT,SDF,336,41
SDF,CLT,336,48
CVG,ANC,3110,55
ANC,CVG,3110,44
ATL,ANC,3417,53
CHO,CVG,342,37
CVG,XNA,561,37
AZO,CVG,225,29
CVG,AZO,225,30
TRI,CVG,216,46
CVG,ABE,503,30
XNA,CVG,561,4
CVG,CHO,342,57
CVG,LIT,513,53
LIT,CVG,513,35
TLH,TPA,200,13
CVG,TRI,216,8
PFN,MCO,290,35
MCO,PFN,290,5
MCO,PNS,380,47
PNS,MCO,380,8
MKE,CVG,318,53
HSV,MCO,535,16
MCO,HSV,535,1
MCO,TYS,532,0
TYS,MCO,532,16
MCO,TLH,227,4
ATL,LWB,369,35
LWB,ATL,369,11
TLH,MCO,227,49
CVG,BHM,396,38
TPA,TLH,200,47
CVG,EVV,170,18
ABE,CVG,503,29
EVV,CVG,170,2
EYW,MCO,268,26
MCO,EYW,268,24
MCO,RIC,667,28
RIC,MCO,667,5
DFW,ANC,3043,41
ANC,DFW,3043,44
ANC,LAX,2345,5
LGB,AUS,1226,17
MSY,BOS,1367,45
AUS,LGB,1226,12
BOS,MSY,1367,19
IAD,BUR,2279,32
LGB,SJC,324,2
SJC,LGB,324,16
BUR,IAD,2279,7
AUS,FLL,1105,36
ORF,BNA,585,56
OAK,AUS,1497,25
SLC,ACV,635,49
ACV,SLC,635,47
DEN,HLN,594,58
HLN,DEN,594,11
FCA,ORD,1352,18
MSO,ORD,1332,39
BIL,ORD,1060,38
ORD,BIL,1060,51
MCI,LNK,152,45
CID,MKE,208,22
ORD,CPR,949,56
ORD,FCA,1352,39
CPR,ORD,949,11
COD,DEN,392,44
OKC,BMI,589,33
GRB,GTF,1133,25
TVC,DEN,1031,58
SLC,WYS,273,52
DEN,COD,392,6
RIC,ORF,75,10
FCA,SFO,844,41
XNA,MEM,258,37
ORD,MSO,1332,23
WYS,SLC,273,7
GTF,ORD,1210,43
LAX,TUL,1283,53
TUL,LAX,1283,31
ORD,GTF,1210,57
SFO,ANC,2018,8
ANC,SFO,2018,33
CLT,SMF,2244,29
CLT,PDX,2282,24
CLT,TUS,1735,24
DCA,IND,499,11
IND,DCA,499,6
SMF,PHL,2458,28
SMF,CLT,2244,2
PDX,CLT,2282,23
PHL,SMF,2458,0
TUS,CLT,1735,2
ATL,BOI,1838,34
ANC,ATL,3417,52
ATL,STX,1638,57
FCA,ATL,1841,58
SLC,FAI,2184,2
FAI,SLC,2184,10
ILM,CVG,500,46
ALB,CVG,623,59
CVG,ALB,623,23
CVG,MCI,539,13
CVG,ORF,485,53
ORF,CVG,485,18
CVG,JAX,614,13
FLL,PNS,525,20
PNS,FLL,525,46
JAX,CVG,614,30
FLL,TLH,393,28
TLH,FLL,393,34
TPA,PNS,330,15
CVG,SYR,527,40
CVG,MHT,741,46
CVG,IAD,388,6
PNS,TPA,330,2
CVG,DTW,229,30
CID,CVG,419,22
CVG,SAT,1024,18
MHT,CVG,741,22
CVG,AVP,499,12
CLE,CVG,221,57
CVG,TYS,226,6
CVG,GSP,317,28
CVG,CLE,221,59
CVG,ROC,461,22
IAH,CVG,871,14
CVG,IAH,871,55
MCO,AVL,488,30
AVL,MCO,488,11
ITO,KOA,64,53
DFW,BUF,1212,54
BUF,DFW,1212,8
MIA,JAX,334,52
JAX,MIA,334,15
LGA,TVC,655,41
TVC,LGA,655,28
