Origin,Dest,Distance
IND,BWI,515
IND,LAS,1591
IND,MCO,828
IND,PHX,1489
IND,TPA,838
ISP,BWI,220
ISP,FLL,1093
ISP,MCO,972
ISP,MDW,765
ISP,PBI,1052
JAN,BWI,888
JAN,HOU,359
JAN,MCO,587
JAN,MDW,666
JAX,BHM,365
JAX,BNA,484
JAX,HOU,816
JAX,PHL,742
JAX,TPA,180
LAS,ABQ,487
LAS,ALB,2237
LAS,AMA,758
LAS,AUS,1090
LAS,BDL,2298
LAS,BNA,1588
LAS,BOI,520
LAS,BUF,1987
LAS,BUR,223
LAS,BWI,2106
LAS,CMH,1772
LAS,DEN,629
LAS,ELP,584
LAS,GEG,806
LAS,HOU,1235
LAS,IAD,2066
LAS,IND,1591
LAS,ISP,2283
LAS,LAX,236
LAS,LBB,775
LAS,MAF,796
LAS,MCI,1140
LAS,MDW,1521
LAS,MSY,1501
LAS,OAK,407
LAS,OMA,1099
LAS,ONT,197
LAS,ORF,2155
LAS,PDX,762
LAS,PHL,2176
LAS,PHX,256
LAS,PIT,1910
LAS,PVD,2363
LAS,RDU,2027
LAS,RNO,345
LAS,SAN,258
LAS,SAT,1069
LAS,SDF,1624
LAS,SFO,414
LAS,SJC,386
LAS,SLC,368
LAS,SMF,397
LAS,SNA,226
LAS,STL,1372
LAS,TPA,1984
LAS,TUL,1076
LAS,TUS,365
LAX,ABQ,677
LAX,BNA,1797
LAX,ELP,714
LAX,HOU,1390
LAX,LAS,236
LAX,MCI,1363
LAX,MDW,1750
LAX,OAK,337
LAX,PHX,370
LAX,SFO,337
LAX,SJC,308
LAX,SLC,590
LAX,SMF,373
LAX,TUS,451
LBB,AUS,341
LBB,DAL,293
LIT,BWI,912
LIT,DAL,296
LIT,MDW,544
LIT,STL,296
MAF,ABQ,332
MAF,AUS,294
MAF,DAL,319
MAF,HOU,441
MCI,BNA,491
MCI,BWI,967
MCI,DAL,461
MCI,DEN,533
MCI,IND,451
MCI,LAS,1140
MCI,LAX,1363
MCI,MCO,1072
MCI,MDW,405
MCI,OKC,313
MCI,PDX,1481
MCI,PHX,1044
MCI,SEA,1489
MCI,STL,237
MCI,TUL,223
MCO,ABQ,1552
MCO,ALB,1073
MCO,BDL,1050
MCO,BHM,478
MCO,BNA,616
MCO,BWI,787
MCO,CLE,895
MCO,CMH,802
MCO,DTW,957
MCO,FLL,178
MCO,HOU,848
MCO,IAD,758
MCO,IND,828
MCO,ISP,972
MCO,JAN,587
MCO,MCI,1072
MCO,MDW,989
MCO,MHT,1142
MCO,ORF,655
MCO,PHL,861
MCO,PHX,1848
MCO,RSW,133
MCO,SDF,718
MCO,STL,880
MDW,ABQ,1121
MDW,ALB,717
MDW,AUS,972
MDW,BDL,777
MDW,BHM,570
MDW,BNA,395
MDW,BUF,468
MDW,BWI,611
MDW,CLE,307
MDW,CMH,284
MDW,DEN,895
MDW,DTW,229
MDW,FLL,1166
MDW,HOU,937
MDW,IAD,577
MDW,IND,162
MDW,ISP,765
MDW,JAN,666
MDW,LAS,1521
MDW,LAX,1750
MDW,LIT,544
MDW,MCI,405
MDW,MCO,989
MDW,MHT,838
MDW,OAK,1844
MDW,OMA,423
MDW,ORF,704
MDW,PDX,1751
MDW,PHL,668
MDW,PHX,1444
MDW,PIT,402
MDW,PVD,842
MDW,RDU,632
MDW,RNO,1680
MDW,RSW,1105
MDW,SAN,1728
MDW,SAT,1036
MDW,SDF,271
MDW,SEA,1733
MDW,SFO,1855
MDW,SJC,1838
MDW,SLC,1258
MDW,SMF,1790
MDW,STL,251
MDW,TPA,997
MDW,TUS,1440
MHT,BWI,377
MHT,LAS,2356
MHT,MCO,1142
MHT,MDW,838
MHT,PHL,290
MHT,TPA,1204
MSY,BHM,321
MSY,BWI,998
MSY,DAL,437
MSY,HOU,303
MSY,MDW,825
MSY,PHX,1301
MSY,TPA,487
OAK,ABQ,889
OAK,BNA,1959
OAK,BOI,511
OAK,BUR,325
OAK,DEN,957
OAK,GEG,723
OAK,HOU,1642
OAK,LAS,407
OAK,LAX,337
OAK,MCI,1489
OAK,MDW,1844
OAK,ONT,361
OAK,PDX,543
OAK,PHX,646
OAK,RNO,180
OAK,SAN,446
OAK,SEA,671
OAK,SLC,588
OAK,SNA,371
OKC,DEN,495
OKC,HOU,419
OKC,MCI,313
OKC,PHX,833
OKC,STL,462
OMA,MDW,423
OMA,PHX,1037
OMA,STL,342
ONT,BNA,1751
ONT,LAS,197
ONT,OAK,361
ONT,PHX,325
ONT,SJC,333
ONT,SMF,389
ORF,BWI,159
ORF,JAX,543
ORF,LAS,2155
ORF,MCO,655
ORF,TPA,717
PBI,BWI,883
PBI,ISP,1052
PBI,TPA,174
PDX,ABQ,1111
PDX,BOI,344
PDX,GEG,279
PDX,LAS,762
PDX,MDW,1751
PDX,OAK,543
PDX,PHX,1009
PDX,RNO,444
PDX,SJC,569
PDX,SLC,630
PDX,SMF,479
PHL,MCO,861
PHL,MDW,668
PHL,MHT,290
PHL,PIT,267
PHL,PVD,238
PHL,RDU,336
PHL,TPA,920
PHX,ABQ,328
PHX,BNA,1448
PHX,BUR,369
PHX,BWI,1999
PHX,DEN,602
PHX,DTW,1671
PHX,ELP,347
PHX,HOU,1020
PHX,IND,1489
PHX,LAS,256
PHX,LAX,370
PHX,MCI,1044
PHX,OAK,646
PHX,OKC,833
PHX,OMA,1037
PHX,ONT,325
PHX,PDX,1009
PHX,PHL,2075
PHX,RNO,601
PHX,SAN,304
PHX,SAT,843
PHX,SEA,1107
PHX,SJC,621
PHX,SLC,507
PHX,SMF,647
PHX,SNA,338
PHX,TUL,935
PIT,BWI,210
PIT,MCO,834
PIT,MDW,402
PIT,PHL,267
PVD,BWI,328
PVD,PHL,238
RDU,BNA,443
RDU,BWI,255
RDU,MCO,534
RDU,MDW,632
RDU,PHL,336
RDU,TPA,587
RNO,BOI,335
RNO,LAS,345
RNO,LAX,390
RNO,OAK,180
RNO,PDX,444
RNO,PHX,601
RNO,SAN,488
RNO,SEA,564
RNO,SJC,188
RNO,SLC,422
RSW,BWI,919
RSW,MDW,1105
SAN,ABQ,628
SAN,AUS,1164
SAN,BNA,1751
SAN,ELP,636
SAN,LAS,258
SAN,MCI,1333
SAN,MDW,1728
SAN,OAK,446
SAN,PHX,304
SAN,RNO,488
SAN,SFO,447
SAN,SJC,417
SAN,SMF,480
SAN,TUS,367
SAT,BWI,1407
SAT,DAL,248
SAT,ELP,496
SAT,HOU,192
SAT,HRL,233
SAT,LAS,1069
SAT,MDW,1036
SAT,PHX,843
SDF,BHM,323
SDF,BWI,495
SDF,LAS,1624
SDF,MDW,271
SDF,STL,254
SEA,ABQ,1180
SEA,BOI,399
SEA,DEN,1024
SEA,GEG,224
SEA,LAS,866
SEA,MCI,1489
SEA,MDW,1733
SEA,OAK,671
SEA,PHX,1107
SEA,RNO,564
SEA,SJC,697
SEA,SLC,689
SEA,SMF,605
SFO,LAS,414
SFO,LAX,337
SFO,MDW,1855
SFO,SAN,447
SJC,BUR,296
SJC,LAS,386
SJC,LAX,308
SJC,ONT,333
SJC,PDX,569
SJC,PHX,621
SJC,RNO,188
SJC,SAN,417
SJC,SEA,697
SJC,SNA,342
SLC,ABQ,493
SLC,BOI,291
SLC,BWI,1864
SLC,DEN,391
SLC,GEG,546
SLC,LAS,368
SLC,LAX,590
SLC,MDW,1258
SLC,OAK,588
SLC,PDX,630
SLC,PHX,507
SLC,SEA,689
SLC,STL,1156
SMF,BUR,358
SMF,LAS,397
SMF,LAX,373
SMF,MDW,1790
SMF,ONT,389
SMF,PDX,479
SMF,PHX,647
SMF,SAN,480
SMF,SEA,605
SMF,SNA,404
SNA,LAS,226
SNA,OAK,371
SNA,SJC,342
SNA,SMF,404
STL,BHM,410
STL,BWI,737
STL,CMH,410
STL,DAL,546
STL,DTW,440
STL,HOU,687
STL,LAS,1372
STL,LAX,1593
STL,LIT,296
STL,MCI,237
STL,MCO,880
STL,MDW,251
STL,OMA,342
STL,PHX,1262
STL,SDF,254
STL,SLC,1156
STL,TPA,869
STL,TUL,351
TPA,ABQ,1497
TPA,ALB,1130
TPA,BDL,1111
TPA,BHM,460
TPA,BUF,1054
TPA,BWI,842
TPA,CMH,829
TPA,DEN,1506
TPA,FLL,197
TPA,HOU,781
TPA,IAD,810
TPA,ISP,1034
TPA,JAX,180
TPA,MDW,997
TPA,MHT,1204
TPA,PBI,174
TPA,PHL,920
TPA,PIT,873
TPA,PVD,1137
TPA,RDU,587
TPA,SAT,972
TPA,SDF,727
TUL,DAL,237
TUL,HOU,453
TUL,MCI,223
TUL,PHX,935
TUS,ABQ,321
TUS,LAS,365
TUS,LAX,451
TUS,MDW,1440
TUS,SAN,367
ABQ,AMA,277
ABQ,DAL,580
ABQ,DEN,349
ABQ,HOU,759
ABQ,LAS,487
ABQ,LAX,677
ABQ,LBB,289
ABQ,MCI,718
ABQ,MCO,1552
ABQ,OAK,889
ABQ,PHX,328
ABQ,SAN,628
AMA,DAL,324
AMA,DEN,358
AUS,BNA,756
AUS,DAL,189
AUS,HOU,148
AUS,LAS,1090
AUS,MDW,972
AUS,TPA,928
BHM,DAL,587
BHM,MCO,478
BNA,BDL,852
BNA,BHM,177
BNA,BWI,588
BNA,CMH,338
BNA,JAX,484
BNA,LAS,1588
BNA,LAX,1797
BNA,MCO,616
BNA,MDW,395
BNA,ONT,1751
BNA,PHX,1448
BNA,RDU,443
BNA,TPA,612
BOI,GEG,287
BOI,LAS,520
BOI,OAK,511
BOI,PDX,344
BUF,BWI,281
BUF,LAS,1987
BUR,LAS,223
BUR,OAK,325
BUR,PHX,369
BUR,SJC,296
BUR,SMF,358
BWI,BNA,588
BWI,BUF,281
BWI,DEN,1491
BWI,ISP,220
BWI,MHT,377
BWI,ORF,159
BWI,PVD,328
BWI,RDU,255
BWI,SLC,1864
CMH,MDW,284
CRP,HOU,187
DAL,ABQ,580
DAL,AMA,324
DAL,AUS,189
DAL,BHM,587
DAL,ELP,562
DAL,HOU,239
DAL,MAF,319
DAL,MCI,461
DAL,MSY,437
DAL,SAT,248
DAL,STL,546
DEN,ABQ,349
DEN,BWI,1491
DEN,HOU,883
DEN,LAS,629
DEN,MCI,533
DEN,MDW,895
DEN,OAK,957
DEN,OKC,495
DEN,PHX,602
DEN,SEA,1024
DEN,SLC,391
DEN,TPA,1506
ELP,AUS,528
ELP,DAL,562
ELP,HOU,677
ELP,LAS,584
ELP,LAX,714
ELP,LBB,295
ELP,PHX,347
ELP,SAT,496
FLL,JAX,318
FLL,MCO,178
FLL,MDW,1166
FLL,STL,1056
FLL,TPA,197
GEG,BOI,287
GEG,LAS,806
GEG,OAK,723
GEG,SEA,224
GEG,SLC,546
HOU,AUS,148
HOU,BNA,670
HOU,DAL,239
HOU,ELP,677
HOU,HRL,276
HOU,JAN,359
HOU,LAX,1390
HOU,LIT,393
HOU,MCO,848
HOU,MDW,937
HOU,MSY,303
HOU,PHL,1335
HOU,PHX,1020
HOU,SAT,192
HRL,HOU,276
IAD,MDW,577
LAS,MCO,2039
LAS,OKC,987
LAX,AUS,1242
LAX,RNO,390
LAX,SAT,1210
LAX,STL,1593
MAF,LAS,796
MCO,LAS,2039
MCO,PVD,1073
MSY,MCO,550
OKC,DAL,181
PBI,PHL,951
PHL,HOU,1335
PHL,JAX,742
PHL,RSW,992
PHX,AUS,872
PHX,LIT,1136
PHX,MDW,1444
PHX,STL,1262
PHX,TPA,1788
PVD,MCO,1073
RSW,ISP,1101
SAN,BWI,2295
SAT,LAX,1210
SNA,PHX,338
STL,FLL,1056
TPA,BNA,612
ABQ,ELP,223
ABQ,MAF,332
ABQ,PDX,1111
ABQ,SEA,1180
ABQ,SLC,493
ABQ,TUS,321
ALB,BWI,288
ALB,LAS,2237
AUS,BWI,1342
BDL,BNA,852
BDL,BWI,283
BDL,MCO,1050
BHM,MDW,570
BNA,FLL,793
BNA,HOU,670
BNA,MCI,491
BNA,OAK,1959
BOI,RNO,335
BOI,SEA,399
BOI,SLC,291
BUF,MDW,468
BUF,TPA,1054
BWI,ABQ,1670
BWI,ALB,288
BWI,BDL,283
BWI,DTW,408
BWI,FLL,925
BWI,JAX,663
BWI,LAS,2106
BWI,MCI,967
BWI,MCO,787
BWI,PBI,883
BWI,SAN,2295
DAL,LIT,296
DAL,OKC,181
DAL,TUL,237
DEN,AMA,358
DEN,BNA,1013
DEN,MCO,1545
DTW,BNA,457
DTW,BWI,408
DTW,PHX,1671
FLL,BNA,793
FLL,BWI,925
FLL,ISP,1093
FLL,PVD,1188
GEG,PDX,279
HOU,BWI,1246
HOU,CRP,187
HOU,DEN,883
HOU,FLL,957
HOU,JAX,816
HOU,SAN,1312
IND,MDW,162
JAX,BWI,663
JAX,FLL,318
LAS,SEA,866
MCI,OAK,1489
MCO,BUF,1011
MCO,DEN,1545
MCO,MSY,550
MHT,PHX,2279
OAK,TUS,747
PHX,BHM,1455
PHX,MCO,1848
PIT,LAS,1910
PIT,PHX,1813
PVD,MDW,842
RSW,MCO,133
SAN,HOU,1312
SLC,RNO,422
STL,CLE,487
TPA,LAS,1984
TPA,MSY,487
ABQ,TPA,1497
ALB,MDW,717
AUS,ELP,528
AUS,PHX,872
AUS,SAN,1164
BHM,HOU,570
BHM,TPA,460
BNA,CLE,448
BNA,PHL,675
BWI,CLE,314
BWI,CMH,336
BWI,LIT,912
BWI,PIT,210
CLE,MDW,307
CMH,LAS,1772
DAL,LBB,293
DTW,MDW,229
HOU,ABQ,759
HOU,MAF,441
HOU,OAK,1642
HOU,STL,687
HOU,TPA,781
HOU,TUL,453
LAS,MHT,2356
MCO,RDU,534
MDW,MSY,825
OMA,LAS,1099
ORF,MDW,704
PHL,FLL,992
SAT,BNA,822
SAT,TPA,972
BHM,SDF,323
BNA,AUS,756
BUF,PHX,1912
BWI,MDW,611
BWI,STL,737
HOU,BHM,570
IND,JAX,688
JAX,ORF,543
MCI,SAN,1333
PHX,BUF,1912
PHX,MHT,2279
PHX,PIT,1813
PHX,PVD,2277
PHX,RDU,1891
PHX,SDF,1506
PVD,PHX,2277
SDF,MCO,718
STL,OKC,462
BNA,DEN,1013
BNA,SAT,822
BWI,TPA,842
CLE,BNA,448
CLE,BWI,314
CMH,BWI,336
CMH,TPA,829
HOU,LAS,1235
HOU,OKC,419
LAS,BHM,1618
LAS,CLE,1825
MSY,LAS,1501
SAT,MCO,1040
BWI,IND,515
BWI,PHX,1999
BWI,RSW,919
BWI,SDF,495
CLE,STL,487
DEN,AUS,775
MSY,FLL,673
PDX,MCI,1481
SDF,TPA,727
AUS,DEN,775
BHM,BNA,177
BHM,BWI,682
BHM,MSY,321
BNA,DTW,457
BNA,MSY,471
BNA,PVD,907
BNA,SAN,1751
BWI,HOU,1246
CMH,BNA,338
DTW,MCO,957
FLL,PHL,992
MCI,ABQ,718
MCI,SMF,1442
MCO,AUS,993
PHL,PHX,2075
TPA,MCI,1048
TUL,STL,351
BDL,TPA,1111
BNA,SEA,1977
BWI,BHM,682
CMH,PHL,405
CMH,PHX,1671
IND,MCI,451
ISP,LAS,2283
PHL,BNA,675
PHL,CMH,405
PHL,LAS,2176
PHL,PBI,951
PVD,BNA,907
PVD,FLL,1188
PVD,TPA,1137
RSW,PHL,992
TPA,IND,838
AUS,MAF,294
CMH,MCO,802
MCO,SAT,1040
RNO,MDW,1680
ALB,MCO,1073
BUF,MCO,1011
BWI,SAT,1407
CLE,MCO,895
ELP,ABQ,223
FLL,HOU,957
IAD,MCO,758
IAD,TPA,810
ISP,TPA,1034
SJC,MDW,1838
TPA,ORF,717
TPA,PHX,1788
TPA,STL,869
TUS,OAK,747
BWI,MSY,998
FLL,MSY,673
OKC,LAS,987
PVD,LAS,2363
AUS,LAX,1242
AUS,MCO,993
BHM,STL,410
BWI,JAN,888
TPA,AUS,928
BHM,JAX,365
ABQ,STL,934
AUS,LBB,341
BDL,MDW,777
BHM,PHX,1455
BWI,AUS,1342
BWI,OKC,1180
DTW,STL,440
HRL,SAT,233
IAD,LAS,2066
LBB,ABQ,289
LIT,HOU,393
MCI,TPA,1048
RDU,LAS,2027
AUS,HRL,273
HRL,AUS,273
PHX,MSY,1301
SDF,PHX,1506
SEA,BNA,1977
BHM,LAS,1618
CLE,LAS,1825
SAN,SAT,1129
SAT,SAN,1129
CMH,STL,410
ELP,SAN,636
STL,ABQ,934
MCO,PIT,834
MSY,BNA,471
TUL,LAS,1076
LBB,LAS,775
LIT,LAS,1295
AMA,LAS,758
LBB,ELP,295
ABQ,MDW,1121
AMA,ABQ,277
ORD,CVG,264
ATL,BHM,134
CVG,DFW,812
CVG,DEN,1069
DEN,CVG,1069
ATL,MSP,906
BNA,ATL,214
ATL,GSP,153
CVG,ORD,264
BUF,ATL,712
ATL,BNA,214
MKE,MSP,297
MSP,MKE,297
MKE,BDL,780
BDL,MKE,780
MKE,MSN,74
PHL,MKE,690
MKE,PHL,690
MKE,PIT,431
MCI,CMH,633
MKE,OMA,426
MCI,MSN,386
MKE,RDU,689
RDU,MKE,689
MKE,BWI,641
BWI,MKE,641
EWR,MKE,725
MKE,EWR,725
MCI,AUS,650
AUS,MCI,650
SUN,SLC,223
SLC,SUN,223
SGU,SLC,269
SLC,SGU,269
SLC,TWF,175
SLC,SBA,615
SLC,ELP,693
SLC,IDA,188
SLC,OMA,839
SLC,TUS,601
MSO,SLC,436
SLC,BZN,347
SLC,RAP,508
BZN,SLC,347
SJC,SLC,585
SLC,SJC,585
SLC,SLE,628
SLC,MSO,436
SLC,SMF,532
SMF,SLC,532
GTF,SLC,463
BIL,SLC,387
SLC,BIL,387
SLC,BUR,574
SLC,PSP,541
PSP,SLC,541
TUL,SLC,926
SLC,LGB,589
OMA,SLC,839
SLC,COS,410
SLC,GTF,463
BUR,SLC,574
ATL,MEM,332
SLC,JAC,205
SLC,ASE,291
SFO,SLC,599
BHM,SLC,1472
SLC,SFO,599
CMH,SLC,1529
SLC,FCA,532
HDN,SLC,251
SLC,CLE,1565
IAH,SLC,1195
BNA,SLC,1403
SLC,PSC,521
DFW,SLC,988
ASE,SLC,291
MSP,SLC,991
SLC,BNA,1403
JAC,SLC,205
SLC,AUS,1085
SLC,DFW,988
SLC,MKE,1246
CLE,SLC,1565
ONT,SLC,558
SLC,ONT,558
LAX,SAN,109
SAN,LAX,109
LAX,SNA,36
SNA,LAX,36
SFO,ACV,250
SFO,SBA,262
SBP,LAX,155
LAX,PSP,110
FAT,LAX,209
SMF,SFO,86
SFO,SMF,86
SFO,RDD,199
LAX,FAT,209
EUG,PDX,106
PDX,EUG,106
PSP,LAS,173
MOD,SFO,78
SFO,MOD,78
LAX,MOD,292
MOD,LAX,292
LAS,PSP,173
LEX,ORD,323
ORD,LEX,323
FSD,ORD,462
BTV,ORD,763
ORD,BTV,763
OMA,ORD,416
ORD,CLE,316
ORD,ROA,531
ROA,ORD,531
ORD,SDF,286
SDF,ORD,286
DEN,FCA,753
CLE,ORD,316
ORD,CHS,760
DFW,ORD,802
ASE,LAX,737
ORD,FSD,462
ORD,PIT,412
PIT,ORD,412
MEM,ORD,491
FAR,DEN,627
ASE,ORD,1013
BOI,ORD,1437
ORD,PIA,130
XNA,ORD,522
SFO,BUR,326
ORD,ASE,1013
ORD,COS,911
COS,DEN,72
DEN,LNK,423
BHM,ORD,584
DEN,BZN,525
MKE,ORD,67
DEN,GUC,152
GUC,DEN,152
BZN,ORD,1186
ORD,BOI,1437
AZO,ORD,122
ORD,AZO,122
TVC,ORD,224
ORD,TVC,224
ORD,MSN,109
ORD,OKC,693
ORD,IAH,925
AUS,ORD,978
ORD,SAV,773
COS,ORD,911
ORD,ORF,717
ORF,ORD,717
BHM,DEN,1082
ORD,TUL,585
TUL,ORD,585
SFO,PSP,421
CRW,ORD,416
ORD,CRW,416
ORD,ATW,160
ASE,DEN,125
ORD,TYS,475
TYS,ORD,475
ORD,AVP,631
FAR,ORD,557
ORD,FAR,557
SAV,ORD,773
ICT,ORD,588
DEN,GJT,212
GJT,DEN,212
ORD,MEM,491
ORD,MCI,403
PIA,ORD,130
ORD,ABE,654
DEN,MSN,826
ORD,AUS,978
IND,ORD,177
HDN,ORD,1009
ORD,XNA,522
SGF,ORD,438
MSN,ORD,109
CID,ORD,196
DTW,ORD,235
ORD,MLI,139
MLI,DEN,751
ORD,OMA,416
DRO,DEN,251
CHS,ORD,760
ORD,GRR,137
OKC,LAX,1187
ORD,MKE,67
DEN,PIA,793
MLI,ORD,139
DSM,ORD,299
ORD,DSM,299
ATW,ORD,160
GRB,ORD,174
ORD,GRB,174
FWA,ORD,157
LAX,DFW,1235
ORD,BHM,584
IAH,DEN,861
DAY,DEN,1084
DEN,DAY,1084
DEN,ASE,125
BOI,SFO,522
SFO,ONT,363
LNK,DEN,423
SFO,TUS,751
PSP,SFO,421
ONT,SFO,363
ORD,SAT,1041
SFO,BOI,522
FCA,DEN,753
SFO,EUG,451
SFO,ABQ,896
ORD,CWA,213
ORD,SLC,1249
LNK,ORD,466
BZN,DEN,525
ORD,SGF,438
LAX,COS,833
COS,LAX,833
BOI,LAX,674
IDA,DEN,458
DEN,IDA,458
DEN,BIS,517
MKE,DEN,895
SFO,RNO,192
DEN,GTF,624
MSN,DEN,826
DEN,HSV,1048
HSV,DEN,1048
ORD,LNK,466
DEN,HDN,142
HDN,DEN,142
RNO,SFO,192
DEN,MEM,872
DEN,SGF,637
BIL,DEN,455
DEN,BIL,455
CWA,ORD,213
DEN,TYS,1162
DEN,MFR,964
MFR,DEN,964
MEM,DEN,872
DEN,BHM,1082
DEN,BOI,649
GTF,DEN,624
DEN,COS,72
DEN,MLI,751
DEN,SBA,916
TUS,DEN,639
BNA,ORD,409
CID,DEN,692
FAT,DEN,844
SAT,ORD,1041
ORD,LAN,179
CLE,DEN,1201
DEN,ELP,563
ELP,DEN,563
DEN,MSO,679
MSO,DEN,679
PSC,DEN,853
DEN,PSC,853
DEN,MKE,895
ORD,SYR,607
SYR,ORD,607
SBA,DEN,916
MCI,SAT,706
PIT,MKE,431
MKE,CMH,331
CMH,MCI,633
OMA,MKE,426
COS,MCI,538
SLC,YUM,580
IDA,SLC,188
COS,ATL,1185
SLC,GJT,217
ATL,XNA,589
SLC,OKC,866
FAT,SLC,501
RAP,SLC,508
SLC,TUL,926
YUM,SLC,580
RDM,SLC,526
SLC,FAT,501
SLC,SBP,608
ATL,MKE,669
XNA,ATL,589
GJT,SLC,217
LGB,SLC,589
COS,SLC,410
SLC,RDM,526
MEM,ATL,332
SLC,SNA,588
SLC,SAT,1086
SLC,IAH,1195
SAT,SLC,1086
SAN,SLC,626
MCI,SLC,919
SLC,MCI,919
SLC,HDN,251
SLC,SAN,626
SLC,LIT,1156
LIT,SLC,1156
MTJ,SLC,268
SLC,MTJ,268
SFO,SBP,191
SFO,MRY,77
LAX,SBP,155
SFO,BFL,238
RDD,SFO,199
MFR,SFO,329
LAX,SBA,89
FAT,SFO,158
SFO,MFR,329
SBA,SFO,262
RDM,SFO,462
CLD,LAX,86
SEA,PDX,129
RDM,PDX,116
PDX,SEA,129
ORD,HDN,1009
ORD,DFW,802
LAX,ASE,737
ORD,CID,196
ORD,SBN,84
SBN,ORD,84
HPN,ORD,738
ORD,ICT,588
ORD,BNA,409
SPI,ORD,174
ORD,SPI,174
ORD,FWA,157
DEN,DRO,251
MBS,ORD,222
ORD,MBS,222
DEN,TUL,541
TUL,DEN,541
FSD,DEN,483
DEN,TUS,639
DEN,CID,692
BOI,DEN,649
ORD,BZN,1186
LAN,ORD,179
XNA,DEN,616
DEN,XNA,616
SGF,DEN,637
TYS,DEN,1162
SAT,DEN,794
ATL,COS,1185
SAT,MCI,706
MCI,PIT,773
PIT,MCI,773
CMH,MKE,331
MSN,MCI,386
MCI,COS,538
SLC,PIH,150
TWF,SLC,175
SNA,SLC,588
DSM,SLC,955
ORD,ATL,606
SLC,YKM,586
SLC,DRO,338
ATL,ORD,606
SLC,MSP,991
AUS,SLC,1085
ONT,LAX,47
SBP,SFO,191
SFO,FAT,158
MRY,SFO,77
LAX,SMX,135
SMX,LAX,135
ACV,SFO,250
SBA,LAX,89
BFL,SFO,238
PDX,MFR,222
CEC,ACV,56
FAT,LAS,258
LAS,FAT,258
SFO,CEC,304
CIC,SFO,153
SFO,CIC,153
MFR,PDX,222
SMF,ACV,207
CEC,SFO,304
SFO,RDM,462
ORD,IND,177
BUR,SFO,326
SNA,SFO,372
EUG,SFO,451
SFO,COS,963
ABQ,SFO,896
PMD,SFO,316
SFO,PMD,316
ICT,LAX,1203
DEN,CLE,1201
DEN,PSP,776
DEN,FAR,627
MSP,ATL,906
EKO,SLC,200
SLC,EKO,200
FAR,SLC,865
HOU,ATL,696
BFL,SLC,534
FCA,SLC,532
SLC,FAR,865
SLC,BHM,1472
LAX,MRY,267
MRY,LAX,267
BFL,LAX,109
LAX,BFL,109
IYK,LAX,123
LAX,IYK,123
PSP,LAX,110
LAX,ONT,47
LAX,OXR,49
OXR,LAX,49
LAX,SGU,348
SGU,LAX,348
LAX,YUM,237
YUM,LAX,237
IPL,LAX,181
YUM,IPL,58
LAX,CLD,86
PDX,RDM,116
IPL,YUM,58
LAX,IPL,181
PSP,DEN,776
DFW,LAX,1235
LAX,OKC,1187
LAX,BOI,674
BUR,DEN,850
DEN,BUR,850
DEN,EUG,997
EUG,DEN,997
DEN,RFD,829
DEN,FAT,844
RDD,SMF,131
ASE,SFO,848
PIH,SLC,150
CPR,SLC,320
SLC,CPR,320
DRO,SLC,338
TUS,SLC,601
SLC,BFL,534
BTM,SLC,357
HLN,SLC,402
SLC,HLN,402
MFR,SLC,575
ELP,SLC,693
MRY,SLC,607
SLC,MRY,607
PSC,SLC,521
SLC,MFR,575
SBA,SLC,615
SLC,BLI,757
BLI,SLC,757
SLC,BTM,357
SLC,PIT,1659
DTW,SLC,1481
SLC,DTW,1481
SLC,ORD,1249
SLC,MSY,1428
PIT,SLC,1659
SBA,SJC,234
SJC,SBA,234
ACV,SMF,207
ACV,CEC,56
DEN,ICT,419
DSM,DEN,589
DEN,BFL,845
CAK,ORD,344
ORD,CAK,344
MCI,ORD,403
DAY,ORD,240
ORD,DAY,240
SFO,SNA,372
RFD,DEN,829
DEN,FSD,483
SFO,ASE,848
SFO,BZN,807
BZN,SFO,807
DFW,CVG,812
COD,SLC,298
SLC,COD,298
OKC,SLC,866
SLE,SLC,628
SLC,EUG,619
SLC,DSM,955
LWS,SLC,461
EUG,SLC,619
SLC,XNA,1004
SLC,FSD,804
SBP,SLC,608
FSD,SLC,804
SLC,CMH,1529
MSY,SLC,1428
DEN,RAP,301
DEN,GRR,1014
GRR,DEN,1014
ICT,DEN,419
AVP,ORD,631
ORD,DTW,235
LAX,PDX,834
ABE,ORD,654
OKC,ORD,693
RAP,DEN,301
ATL,BUF,712
MKE,ATL,669
MKE,CLT,651
ATL,HOU,696
GRR,ORD,137
IAH,ORD,925
DEN,OMA,472
PDX,LAX,834
SEA,LAX,954
COS,SFO,963
DEN,IAH,861
BIS,DEN,517
GSP,ATL,153
MSN,MKE,74
SLC,CDC,221
CDC,SLC,221
BMI,ORD,116
ORD,BMI,116
ORD,HPN,738
GJT,ORD,1100
DEN,MRY,960
ATL,STL,483
STL,ATL,483
MTJ,LAX,666
LAX,ICT,1203
YKM,SLC,586
TUS,SFO,751
LAX,SEA,954
CLT,MKE,651
SLC,LWS,461
ATL,MTJ,1352
MTJ,ATL,1352
DEN,DSM,589
XNA,LEX,549
BUR,TUS,453
MFR,MOD,343
PIA,DEN,793
LAX,MTJ,666
SMF,SBA,310
BOI,PIT,1849
ORD,HNL,4243
HNL,ORD,4243
ORD,CLT,599
KOA,ORD,4213
OGG,KOA,84
ORD,OGG,4184
SFO,JFK,2586
JFK,SFO,2586
ORD,JAC,1162
LAX,JFK,2475
JFK,LAX,2475
DEN,SFO,967
SFO,OGG,2338
OGG,SFO,2338
MCO,SFO,2445
SFO,LIH,2447
DEN,ATL,1199
HNL,DEN,3365
CLT,DEN,1337
DEN,HNL,3365
LAX,IAD,2288
OGG,LAX,2486
LAX,DEN,862
LAX,OGG,2486
IAD,LAX,2288
DEN,SJC,948
KOA,SFO,2367
SFO,EWR,2565
LAX,KOA,2504
SFO,ORD,1846
SEA,SFO,679
SFO,KOA,2367
KOA,LAX,2504
DEN,SAT,794
LIH,SFO,2447
SFO,SEA,679
MSP,DEN,680
LAX,MCO,2217
LIH,LAX,2615
LAX,LIH,2615
LAX,ORD,1745
OGG,DEN,3303
DEN,OGG,3303
HNL,SFO,2398
SFO,HNL,2398
SFO,IAD,2419
PDX,SFO,550
LAX,HNL,2556
HNL,LAX,2556
DEN,LAX,862
MDT,ORD,594
EWR,SFO,2565
EWR,LAX,2454
LAX,EWR,2454
DEN,SAN,853
PHL,DEN,1557
SJC,DEN,948
ORD,LAX,1745
OMA,DEN,472
DEN,BOS,1754
ORD,ALB,723
OAK,IAD,2408
IAD,ORD,589
JAX,ORD,865
ORD,SEA,1721
ORD,MSP,334
SMF,ORD,1781
OAK,ORD,1835
ORD,JAX,865
STL,DEN,770
BUF,ORD,473
ORD,PHL,678
LGA,ORD,733
RIC,ORD,642
ORD,SFO,1846
MSP,ORD,334
ATL,SFO,2139
ORD,RDU,647
BOS,DEN,1754
DEN,IAD,1452
DEN,SNA,846
ORD,OAK,1835
LAX,BOS,2611
BOS,LAX,2611
CMH,ORD,296
BOS,SFO,2704
SFO,BOS,2704
ORD,RIC,642
DEN,PIT,1290
SFO,PHL,2521
PHL,SFO,2521
IAD,SFO,2419
LAX,PHL,2401
PHL,LAX,2401
IAD,SEA,2306
BWI,ORD,622
ORD,BOS,867
PHL,ORD,678
SEA,ORD,1721
BOS,IAD,413
PDX,IAD,2327
DEN,CMH,1155
SEA,IAD,2306
PDX,DEN,992
IAD,PDX,2327
MSY,IAD,954
SMF,IAD,2358
IAD,SAN,2253
ALB,ORD,723
SAN,IAD,2253
IAD,RDU,224
SJC,IAD,2400
IAD,SJC,2400
RDU,IAD,224
ORD,PVD,849
ORD,DEN,888
DEN,ORD,888
EGE,DEN,121
ORD,BUF,473
DEN,DFW,641
ORD,ROC,528
DEN,STL,770
SNA,DEN,846
BOS,ORD,867
MSY,ORD,837
SAT,SFO,1482
DEN,PHL,1557
JAC,DEN,406
RDU,ORD,647
ORD,IAD,589
ORD,EWR,719
PIT,DEN,1290
MCO,LAX,2217
SFO,SAT,1482
EWR,ORD,719
BWI,LAX,2329
SFO,ATL,2139
PVD,ORD,849
IAD,OAK,2408
IAD,SMF,2358
SFO,MCO,2445
SFO,BWI,2457
BWI,SFO,2457
IAD,DEN,1452
IND,DEN,977
LAX,BWI,2329
CMH,DEN,1155
IAD,BDL,326
LGA,DEN,1619
DFW,DEN,641
SFO,DEN,967
ROC,ORD,528
ORD,PDX,1739
ORD,CMH,296
DEN,EGE,121
ORD,BWI,622
SFO,PDX,550
CLT,ORD,599
ORD,SAN,1723
DEN,PDX,992
ORD,SJC,1829
GEG,ORD,1498
ORD,GSO,590
BDL,ORD,783
DEN,LGA,1619
LAX,MSY,1671
ORD,MSY,837
DEN,JAC,406
DTW,DEN,1123
SAN,DEN,853
DEN,MSP,680
ORD,SNA,1726
ATL,DEN,1199
JAC,ORD,1162
SFO,AUS,1504
DEN,SMF,910
IAH,SFO,1635
SFO,IAH,1635
ORD,SMF,1781
ORD,MDT,594
ORD,BDL,783
DEN,CLT,1337
DEN,EWR,1605
IAD,BOS,413
GEG,DEN,836
SNA,ORD,1726
SAN,ORD,1723
SMF,DEN,910
SFO,DFW,1464
PDX,ORD,1739
MSY,LAX,1671
MHT,ORD,843
IAD,MSY,954
DEN,DCA,1476
BDL,IAD,326
SJC,ORD,1829
ORD,GEG,1498
EWR,DEN,1605
DFW,SFO,1464
RDU,DEN,1436
DEN,DTW,1123
ORD,LGA,733
GSO,ORD,590
ORD,DCA,612
DCA,ORD,612
ORD,STL,258
DEN,IND,977
AUS,SFO,1504
ORD,MHT,843
DCA,DEN,1476
DEN,GEG,836
ABQ,IAD,1628
IAD,ABQ,1628
DEN,RDU,1436
IAD,LGA,229
LGA,IAD,229
PHX,IAD,1956
IAD,PHX,1956
IAD,STT,1605
SJU,IAD,1571
STT,SJU,68
LAX,JAC,784
JAC,LAX,784
MCO,ORD,1005
ORD,MCO,1005
ORD,FLL,1182
FLL,ORD,1182
MTJ,DEN,197
DEN,MTJ,197
SEA,HNL,2677
KOA,DEN,3329
SAN,HNL,2614
SJU,ORD,2072
ORD,STT,2116
MIA,IAD,921
ORD,TPA,1012
RNO,DEN,804
ONT,DEN,819
DEN,FLL,1703
DEN,ONT,819
PHX,SFO,651
DEN,MIA,1709
MSY,DEN,1062
DEN,MSY,1062
IAD,FLL,901
PHX,ORD,1440
MIA,DEN,1709
LAS,ORD,1515
ORD,LAS,1515
TPA,ORD,1012
DEN,RNO,804
FLL,DEN,1703
ORD,PHX,1440
PBI,ORD,1144
SFO,PHX,651
FLL,IAD,901
ORD,PBI,1144
IAD,SJU,1571
ORD,SJU,2072
ALB,CLT,646
ANC,PHX,2551
ATL,LAS,1747
ATL,PHX,1587
BOS,CLT,728
BUF,CLT,546
BUF,DCA,296
BWI,CLT,361
CLT,ABE,481
CLT,ALB,646
CLT,BDL,644
CLT,BNA,329
CLT,BOS,728
CLT,BUF,546
CLT,BWI,361
CLT,DCA,331
CLT,DFW,936
CLT,EWR,529
CLT,FLL,631
CLT,IAH,913
CLT,IND,428
CLT,LAS,1916
CLT,LAX,2125
CLT,LGA,544
CLT,MCI,809
CLT,MCO,468
CLT,MIA,650
CLT,MSY,651
CLT,ORF,290
CLT,PBI,590
CLT,PHX,1774
CLT,RDU,130
CLT,RIC,256
CLT,RSW,600
CLT,SEA,2279
CLT,SJU,1474
CLT,STT,1520
CLT,TPA,508
DCA,CLT,331
DCA,FLL,899
DCA,MCO,759
DCA,PBI,857
DCA,SYR,298
DCA,TPA,814
DFW,CLT,936
DFW,PHL,1302
EWR,CLT,529
FLL,DCA,899
GEG,PHX,1020
HNL,PHX,2917
IAH,CLT,913
IND,CLT,428
JAX,DCA,634
JFK,PHX,2153
LAS,CLT,1916
LAS,EWR,2227
LAS,MSP,1300
LAX,PIT,2136
LGA,CLT,544
MCO,CLT,468
MHT,CLT,737
MSP,CLT,930
MSP,PHX,1276
MSY,CLT,651
PBI,LAS,2158
PHL,ATL,665
PHL,BOS,280
PHL,CLT,448
PHL,DFW,1302
PHL,RIC,198
PHX,ATL,1587
PHX,CLE,1737
PHX,CMH,1671
PHX,HNL,2917
PHX,KOA,2860
PHX,MSP,1276
PIT,CLT,366
RDU,PHX,1891
RIC,CLT,256
RIC,PHL,198
RSW,CLT,600
SYR,CLT,603
TPA,DCA,814
ANC,LAS,2304
ATL,PHL,665
BDL,CLT,644
BOS,DCA,399
BOS,PHL,280
BOS,PHX,2300
BOS,PIT,496
BOS,SJU,1674
BUF,PHL,279
CHS,CLT,168
CLE,PHX,1737
CLT,CHS,168
CLT,DTW,500
CLT,IAD,321
CLT,JAX,329
CLT,MDT,413
CLT,MSP,930
CLT,MYR,156
CLT,PHL,448
CLT,PIT,366
CLT,PVD,683
CLT,ROC,573
CLT,SAV,213
CLT,SYR,603
DCA,BOS,399
DCA,BUF,296
DCA,JAX,634
DCA,LGA,214
EWR,LAS,2227
EWR,PHX,2133
FLL,CLT,631
FLL,LAS,2174
FLL,PHX,1972
FLL,PIT,994
IAD,CLT,321
IAH,PHX,1009
JAX,CLT,329
JFK,LAS,2248
LAS,ANC,2304
LAS,DFW,1055
LAS,JFK,2248
LIH,PHX,2979
MCI,CLT,809
MCO,DCA,759
MKE,PHX,1460
MYR,CLT,156
OGG,PHX,2845
ORF,CLT,290
PBI,CLT,590
PBI,DCA,857
PHL,DCA,119
PHL,MIA,1013
PHL,SAN,2369
PHL,SEA,2378
PHL,SJU,1576
PHX,BOS,2300
PHX,CLT,1774
PHX,DFW,868
PHX,EWR,2133
PHX,FLL,1972
PHX,JFK,2153
PHX,OGG,2845
PVD,CLT,683
RDU,CLT,130
SAN,PHL,2369
SAV,CLT,213
SFO,PIT,2254
SJU,BOS,1674
SJU,CLT,1474
SJU,PHL,1576
STT,CLT,1520
TPA,CLT,508
ATL,CLT,227
BOS,LAS,2381
BWI,PHL,90
CLT,ATL,227
CLT,MHT,737
CLT,SAN,2077
CLT,SFO,2296
DTW,CLT,500
KOA,PHX,2860
LAS,BOS,2381
LAS,DCA,2089
LAS,FLL,2174
LAS,PBI,2158
LGA,DCA,214
MIA,CLT,650
MIA,PHL,1013
MSY,PHL,1088
PHL,DTW,453
PHL,MSY,1088
PHL,STT,1605
PHL,SYR,228
PHX,BOI,735
PIT,SFO,2254
ROC,CLT,573
RSW,DCA,892
SFO,CLT,2296
STT,PHL,1605
BOI,PHX,735
DFW,LAS,1055
LAS,DTW,1750
LAS,MIA,2175
LAX,CLT,2125
PHL,PDX,2406
PHX,TUS,110
PIT,LAX,2136
ALB,PHL,212
BOS,LGA,185
DCA,PHX,1979
DCA,PVD,357
DCA,RSW,892
DTW,LAS,1750
LGA,BOS,185
PHL,BUF,279
PHX,ANC,2551
SEA,PHL,2378
STX,CLT,1562
TUS,PHX,110
DCA,MSY,969
MSP,LAS,1300
PHX,IAH,1009
LAS,ATL,1747
PHX,DCA,1979
PHX,GEG,1020
PIT,FLL,994
SEA,CLT,2279
MSY,DCA,969
SAN,CLT,2077
DCA,LAS,2089
DFW,PHX,868
SYR,PHL,228
BDL,PHL,196
BDL,DCA,313
CLT,CLE,430
DCA,BDL,313
LGA,PIT,335
PHL,BDL,196
PHL,BWI,90
PIT,LGA,335
PVD,DCA,357
CLT,ILM,185
ILM,CLT,185
PIT,RSW,966
PIT,TPA,873
PHL,IND,587
ALB,DCA,318
SYR,DCA,298
DCA,ALB,318
PHL,ALB,212
STL,CLT,575
CLE,CLT,430
PHX,LIH,2979
PHX,MKE,1460
DTW,PHL,453
BDL,PHX,2213
BNA,CLT,329
CLT,EGE,1455
PHX,BDL,2213
ISP,RSW,1101
ALB,TPA,1130
ATL,MIA,595
CVG,TPA,773
ATL,RDU,356
PIT,ATL,526
EWR,SLC,1968
ATL,TPA,406
ATL,JFK,760
MCO,ATL,403
LAX,ATL,1946
ATL,LAX,1946
ATL,SAT,874
JFK,ATL,760
CVG,ATL,373
ATL,DCA,547
ATL,SJU,1547
ATL,LGA,761
LGA,ATL,761
ATL,BWI,576
ATL,SRQ,445
ATL,IAD,533
ATL,BOS,946
ATL,SAV,215
SEA,ATL,2182
ATL,FLL,581
ATL,JAX,270
CVG,LAS,1678
BWI,ATL,576
ANC,SLC,2125
ATL,SDF,321
ATL,ELP,1282
ATL,SEA,2182
CVG,LGA,585
ATL,CVG,373
BOS,FLL,1237
ATL,MCO,403
ATL,MCI,692
ATL,RSW,515
MIA,ATL,595
ATL,OAK,2130
FLL,BOS,1237
ATL,DAY,432
ATL,BDL,859
BDL,ATL,859
ATL,LIT,453
ATL,SLC,1589
ATL,RIC,481
ATL,PBI,545
IND,ATL,432
ATL,CLE,554
RDU,ATL,356
OAK,ATL,2130
MSY,ATL,425
ATL,ROC,749
ATL,LEX,303
ATL,JAN,341
ATL,MSY,425
PBI,ATL,545
ATL,EWR,745
JAX,ATL,270
AUS,ATL,813
ATL,CHS,259
ATL,DFW,732
ATL,PNS,272
ATL,HSV,151
ATL,CAE,191
ATL,ORF,516
VPS,ATL,264
SAV,ATL,215
TPA,ATL,406
SLC,PHL,1926
ATL,MLB,443
ATL,TYS,152
IAH,ATL,689
SFO,CVG,2036
MCO,JFK,944
JFK,TPA,1005
DCA,ATL,547
SLC,JFK,1989
JFK,SAN,2446
SLC,ATL,1589
MCI,ATL,692
JFK,BOS,187
FLL,CVG,932
CVG,CMH,116
SAT,ATL,874
CVG,SAN,1865
IAD,ATL,533
DCA,SLC,1851
ATL,MOB,302
EWR,ATL,745
ATL,SMF,2092
PHL,SLC,1926
SRQ,ATL,445
SDF,ATL,321
BOS,MCO,1121
BOS,ATL,946
DFW,ATL,732
ATL,AUS,813
BOS,JFK,187
ORF,ATL,516
ATL,IND,432
LAS,CVG,1678
ATL,PIT,526
CVG,SLC,1449
ATL,TUS,1541
SLC,FLL,2083
ATL,DTW,594
HNL,ATL,4502
ELP,ATL,1282
JFK,FLL,1069
ATL,ONT,1900
TUS,ATL,1541
TPA,CVG,773
CVG,DCA,411
PNS,ATL,272
CLT,SLC,1727
CVG,LAX,1900
DAB,ATL,366
ATL,DAB,366
ONT,ATL,1900
ATL,SAN,1891
LEX,ATL,303
MCO,BOS,1121
ATL,IAH,689
LIT,ATL,453
SAN,ATL,1891
CAE,ATL,191
GSO,ATL,306
LGA,CVG,585
CVG,FLL,932
CVG,BDL,661
RNO,ATL,1993
CVG,MCO,756
CVG,SFO,2036
CHS,ATL,259
LGA,RSW,1080
DAY,ATL,432
CLE,ATL,554
DCA,CVG,411
ATL,HNL,4502
RIC,ATL,481
SLC,BOS,2105
HSV,ATL,151
SLC,CVG,1449
BHM,ATL,134
ATL,SNA,1919
BDL,FLL,1173
LAX,BDL,2527
ATL,RNO,1993
PIT,CVG,256
FLL,ATL,581
ATL,ABQ,1269
ATL,JAC,1572
JAC,ATL,1572
BDL,CVG,661
RSW,CVG,879
ATL,GPT,352
GPT,ATL,352
TYS,ATL,152
SLC,EWR,1968
ATL,VPS,264
SMF,ATL,2092
MCO,CVG,756
ATL,TLH,223
CVG,BOS,752
ATL,HDN,1340
HDN,ATL,1340
BOS,SLC,2105
CVG,RSW,879
SNA,ATL,1919
FLL,LGA,1076
PHX,CVG,1569
LAX,FLL,2342
PBI,LGA,1035
SLC,HNL,2994
LGA,FLL,1076
TPA,JFK,1005
MCO,LGA,950
LGA,MCO,950
LGA,TPA,1011
JFK,MCO,944
JFK,SLC,1989
FLL,JFK,1069
DEN,JFK,1626
SLC,TPA,1887
MCO,SLC,1929
JFK,MIA,1090
ATL,SJC,2116
RSW,BDL,1180
SLC,MCO,1929
FLL,BDL,1173
BDL,LAX,2527
BDL,PBI,1133
CVG,ABQ,1240
PBI,BOS,1197
LAX,TPA,2158
BOS,PBI,1197
TPA,LGA,1011
LGA,PBI,1035
EGE,ATL,1312
LAX,CVG,1900
STT,ATL,1599
ATL,PDX,2172
OGG,SLC,2936
STT,JFK,1623
SAN,CVG,1865
SJU,ATL,1547
BOS,CVG,752
MLB,ATL,443
SJC,ATL,2116
ABQ,ATL,1269
PDX,ATL,2172
JFK,HDN,1749
HNL,SLC,2994
BOS,RSW,1249
RSW,BOS,1249
RDU,SLC,1823
SLC,RDU,1823
RDU,CVG,390
BDL,RSW,1180
RSW,LGA,1080
PBI,BDL,1133
RSW,ATL,515
FLL,LAX,2342
TPA,SLC,1887
SLC,DCA,1851
IAD,SLC,1827
DTW,ATL,594
TPA,LAX,2158
SLC,CLT,1727
JFK,CVG,589
CMH,CVG,116
ROC,ATL,749
PDX,CVG,1975
ATL,GSO,306
CVG,PDX,1975
CVG,PHX,1569
CVG,SEA,1964
PHF,ATL,508
SLC,IAD,1827
SLC,ANC,2125
CVG,PIT,256
BOS,TPA,1185
SLC,OGG,2936
JFK,SJU,1597
SJU,JFK,1597
ATL,CMH,446
JAN,ATL,341
ATL,EGE,1312
MIA,JFK,1090
PDX,JFK,2454
ATL,STT,1599
SEA,CVG,1964
CVG,BWI,430
FLL,SLC,2083
JFK,SEA,2421
CMH,ATL,446
LGA,MSY,1183
ATL,MCN,79
ATL,VLD,208
ATL,SBN,566
ATL,PVD,903
ATL,AVL,164
TUL,ATL,674
HPN,ATL,780
MFE,ATL,974
CAK,CVG,214
CVG,CAK,214
ATL,BTR,449
ATL,CSG,83
ATL,TRI,227
OKC,ATL,761
ATL,HPN,780
ATL,ILM,377
ATL,SWF,784
MDT,ATL,619
ATL,BQK,238
ATL,CRW,363
CVG,PHL,507
PHL,CVG,507
ATL,OKC,761
CRW,ATL,363
SHV,ATL,552
ATL,OMA,821
MGM,ATL,147
ATL,MYR,317
PFN,ATL,247
ATL,ABE,692
ABE,ATL,692
CAK,ATL,528
GRR,ATL,640
ATL,CHA,106
CHA,ATL,106
ATL,TUL,674
ATL,ICT,781
ATL,MEI,267
FAY,ATL,331
ATL,SYR,793
SYR,ATL,793
MEM,CVG,403
CVG,MEM,403
ATL,MGM,147
ATL,DSM,743
DSM,ATL,743
AGS,ATL,143
ROA,ATL,357
ATL,AVP,714
MOB,ATL,302
ATL,ALB,852
MLI,ATL,633
ATL,FAY,331
ATL,EWN,433
ATL,MLI,633
CVG,AVL,275
ATL,CAK,528
BTR,ATL,449
CAE,LGA,617
FWA,ATL,508
DCA,JAN,860
ICT,ATL,781
ATL,SCE,615
BGR,ATL,1134
GNV,ATL,300
JAN,DCA,860
PVD,ATL,903
ABY,ATL,146
ATL,CRP,876
ATL,LFT,503
ATL,MHT,952
ATL,DHN,171
DHN,ATL,171
AVL,ATL,164
EVV,ATL,350
ATL,EYW,646
ATL,SGF,563
ATL,MDT,619
FNT,ATL,644
TRI,ATL,227
OAJ,ATL,399
ATL,EVV,350
ATL,SHV,552
ATL,PFN,247
CVG,CAE,404
LAN,CVG,258
CAE,CVG,404
ATL,GNV,300
PIA,ATL,564
ATW,ATL,765
ATL,BMI,533
AEX,ATL,500
OMA,ATL,821
CID,ATL,694
ATL,ROA,357
ATL,PHF,508
ATL,MSN,707
MSN,ATL,707
TUL,CVG,646
SWF,ATL,784
ATL,FNT,644
EWN,ATL,433
ATL,AGS,143
MEI,ATL,267
CRP,ATL,876
ATL,PWM,1027
PWM,ATL,1027
GRK,ATL,803
ATL,ABY,146
ATL,AEX,500
ILM,ATL,377
ATL,GRR,640
ATL,CHO,457
GTR,ATL,241
ALB,ATL,852
ATL,OAJ,399
LFT,ATL,503
LYH,ATL,389
ATL,MFE,974
ATL,ATW,765
HHH,ATL,239
EYW,ATL,646
VLD,ATL,208
MYR,ATL,317
FSD,ATL,954
ATL,FSM,579
ATL,PIA,564
ATL,GRK,803
ATL,FWA,508
CSG,ATL,83
GRB,ATL,774
GRB,CVG,416
CVG,GRB,416
MHT,ATL,952
ISP,ATL,795
AVP,ATL,714
ATL,MLU,448
MLU,ATL,448
TLH,ATL,223
CVG,MDT,429
JAN,CVG,555
DCA,HSV,613
AVL,CVG,275
CVG,OMA,614
ATL,GRB,774
ATL,FLO,273
ATL,HHH,239
ATL,CID,694
HSV,DCA,613
CVG,BTR,693
OMA,CVG,614
ATL,TOL,549
CVG,TUL,646
ACY,ATL,678
ATL,BTV,960
BTV,ATL,960
FSM,ATL,579
ATL,ISP,795
ATL,LYH,389
SGF,ATL,563
ATL,GTR,241
BMI,ATL,533
MCN,ATL,79
MDT,CVG,429
CHO,ATL,457
TOL,ATL,549
SBN,ATL,566
FLO,ATL,273
BQK,ATL,238
LGA,CAE,617
CVG,HSV,325
CVG,EWR,569
EWR,CVG,569
HSV,CVG,325
ATL,ACY,678
SCE,ATL,615
ATL,FSD,954
CVG,JAN,555
ATL,BGR,1134
MEM,MCO,683
PBI,DEN,1679
DEN,CAK,1224
CAK,DEN,1224
DEN,BDL,1671
FLL,MEM,851
MCO,MEM,683
DEN,JAX,1447
BDL,DEN,1671
DEN,SDF,1023
SDF,DEN,1023
JAX,DEN,1447
DEN,RSW,1606
MEM,FLL,851
DEN,PBI,1679
RSW,DEN,1606
LAS,HNL,2762
HNL,LAS,2762
HNL,SAN,2614
SMF,HNL,2462
HNL,SMF,2462
HNL,SEA,2677
HNL,PDX,2603
SEA,OGG,2640
OGG,SEA,2640
SAN,OGG,2541
OGG,SAN,2541
PDX,OGG,2562
OGG,PDX,2562
SJC,HNL,2416
HNL,SJC,2416
ITO,HNL,216
KOA,HNL,163
HNL,LIH,102
LIH,HNL,102
HNL,OGG,100
HNL,KOA,163
OGG,HNL,100
KOA,OGG,84
HNL,ITO,216
LIH,OGG,202
XNA,LAX,1371
LAX,XNA,1371
DFW,LAW,140
LAW,DFW,140
DFW,TYR,103
GRK,DFW,134
DFW,GRK,134
AEX,DFW,285
DFW,AEX,285
SPS,DFW,113
DFW,CLL,164
ABI,DFW,158
DFW,ABI,158
DFW,TXK,181
CLL,DFW,164
TYR,DFW,103
DFW,LFT,351
DFW,ACT,89
GGG,DFW,140
MLU,DFW,293
DFW,SPS,113
LFT,DFW,351
ACT,DFW,89
SJT,DFW,228
DFW,SJT,228
TXK,DFW,181
DFW,GGG,140
DFW,SHV,190
SHV,DFW,190
DFW,MLU,293
LRD,DFW,394
DFW,LRD,394
MOB,DFW,540
DFW,XNA,281
DFW,AMA,313
VPS,DFW,626
DFW,VPS,626
LIT,DFW,304
DFW,LIT,304
PIT,DFW,1068
DFW,PIT,1068
FSM,DFW,228
CID,DFW,685
DFW,FNT,1003
GPT,DFW,500
DFW,SGF,364
SGF,DFW,364
DFW,GPT,500
MSN,DFW,821
DFW,TYS,772
TYS,DFW,772
CAE,DFW,922
DFW,MAF,309
LBB,DFW,282
DFW,LBB,282
BTR,DFW,383
DFW,BTR,383
DFW,HSV,603
DFW,MOB,540
HOU,DFW,247
DFW,HOU,247
DFW,CAE,922
CRP,DFW,354
DFW,CRP,354
DFW,CLE,1021
ICT,DFW,328
DFW,ICT,328
MAF,DFW,309
AMA,DFW,313
DFW,PNS,604
PNS,DFW,604
XNA,DFW,281
PIA,DFW,673
CMI,DFW,693
DFW,CMI,693
CHA,DFW,695
DFW,FWA,859
DFW,CHA,695
CHS,DFW,987
DFW,SDF,733
DFW,CHS,987
SDF,DFW,733
DFW,FSM,228
DFW,SBA,1315
SBA,DFW,1315
HSV,DFW,603
DFW,JAN,408
DFW,CID,685
DFW,LEX,785
CLE,DFW,1021
JAN,DFW,408
GSP,DFW,862
LEX,DFW,785
OKC,DFW,175
GSO,DFW,999
DFW,GSO,999
DFW,PIA,673
DFW,OKC,175
FNT,DFW,1003
DFW,CMH,927
CMH,DFW,927
DFW,MKE,853
MKE,DFW,853
MDT,DFW,1232
DFW,DSM,624
DSM,DFW,624
DFW,ORF,1213
ORF,DFW,1213
TUL,DFW,237
DFW,TUL,237
DFW,MSN,821
DFW,EVV,642
GRR,DFW,931
DFW,GRR,931
ROW,DFW,435
DFW,ROW,435
SAV,DFW,925
DFW,SAV,925
DFW,GSP,862
MLI,DFW,691
FWA,DFW,859
EVV,DFW,642
DFW,MDT,1232
DFW,MLI,691
MTJ,DFW,722
DFW,MTJ,722
CMH,MIA,990
MIA,CMH,990
FNT,ORD,223
ORD,CMI,135
CMI,ORD,135
MIA,RIC,826
ORD,SHV,733
MOB,ORD,779
ORD,MOB,779
ORD,LIT,552
JFK,BWI,184
LIT,ORD,552
GRB,MQT,134
BWI,JFK,184
ORD,EVV,273
MIA,CVG,948
EVV,ORD,273
ORD,RST,268
RST,ORD,268
MQT,ORD,303
ORD,MQT,303
ORD,CHA,501
ORD,LSE,215
LSE,ORD,215
ORD,FNT,223
ORD,DBQ,147
ORD,GPT,800
GPT,ORD,800
JAN,ORD,677
ORD,JAN,677
ORD,GSP,577
MKE,MQT,236
MQT,MKE,236
CHA,ORD,501
GSP,ORD,577
ORD,JFK,740
MIA,IND,1021
IND,MIA,1021
MIA,GSO,710
ORF,MIA,802
MIA,ORF,802
DBQ,ORD,147
HSV,ORD,510
ORD,BTR,810
RIC,MIA,826
MIA,MEM,860
PIT,MIA,1013
ORD,HSV,510
TOL,ORD,214
PIT,JFK,340
JFK,PIT,340
ORD,PNS,794
GSO,MIA,710
PNS,ORD,794
ORD,TOL,214
MIA,PIT,1013
CVG,MIA,948
MIA,SDF,911
SDF,MIA,911
BTR,ORD,810
JFK,ORD,740
MQT,GRB,134
CLE,JFK,425
JFK,CLE,425
ORD,VPS,800
VPS,ORD,800
MEM,MIA,860
SHV,ORD,733
XNA,MIA,1100
MIA,XNA,1100
RDU,JAX,408
JAX,RDU,408
CLE,MIA,1080
MIA,CLE,1080
BOS,RDU,612
RDU,SDF,416
SDF,RDU,416
CMH,BOS,640
RDU,JFK,426
BOS,CMH,640
RDU,XNA,868
XNA,RDU,868
RDU,BOS,612
DCA,BNA,562
BNA,DCA,562
XNA,DCA,963
DCA,XNA,963
DCA,RDU,227
RDU,DCA,227
EWR,RDU,416
RDU,EWR,416
BDL,RDU,532
JFK,RDU,426
RDU,BDL,532
CMH,RDU,361
RDU,CMH,361
RDU,MCI,904
MCI,RDU,904
LGA,RDU,431
BNA,STL,271
STL,JFK,892
SGF,STL,195
STL,BNA,271
RDU,LGA,431
JFK,STL,892
STL,SGF,195
DCA,JFK,213
JFK,DCA,213
DSM,LGA,1031
LGA,DSM,1031
LGA,XNA,1147
CLE,LGA,418
MSN,LGA,812
LGA,SDF,658
SDF,LGA,658
LGA,DTW,501
LGA,MSN,812
XNA,LGA,1147
LGA,CMH,478
CMH,LGA,478
FNT,LGA,530
LGA,FNT,530
DTW,LGA,501
LGA,CLE,418
MEM,LGA,963
LGA,MEM,963
DFW,HNL,3784
OGG,DFW,3711
DFW,OGG,3711
HNL,DFW,3784
SAN,JFK,2446
LAX,MIA,2342
BOS,SAN,2588
SAN,BOS,2588
LAX,SJU,3386
SJU,LAX,3386
MIA,LAX,2342
SEA,JFK,2421
SFO,MIA,2585
DFW,MCO,984
ORD,MIA,1197
MIA,ORD,1197
DFW,RDU,1062
DFW,TPA,929
SAT,DFW,247
DFW,BWI,1217
RSW,DFW,1017
DFW,RSW,1017
TUS,DFW,813
DFW,STL,551
DFW,DCA,1192
ABQ,DFW,569
DFW,BHM,597
DFW,BNA,631
IAH,DFW,224
DFW,BDL,1471
RIC,DFW,1158
OMA,DFW,583
DCA,DFW,1192
DFW,FAT,1313
ELP,ORD,1236
STL,DFW,551
BUR,DFW,1231
DFW,MCI,460
DFW,ONT,1189
BDL,DFW,1471
DFW,SAT,247
IND,DFW,762
EWR,DFW,1372
DFW,ABQ,569
SJU,TPA,1237
DFW,SNA,1205
DFW,ELP,551
JFK,DFW,1391
DFW,MFE,468
JAX,DFW,919
DFW,TUS,813
RDU,DFW,1062
DFW,JFK,1391
SAN,DFW,1171
STL,SAN,1558
MIA,DTW,1145
MIA,DFW,1121
STL,RDU,667
MIA,MCO,193
ELP,DFW,551
MIA,BNA,806
DFW,AUS,190
MEM,DFW,432
AUS,DFW,190
ORD,ELP,1236
DFW,BOS,1562
MIA,SFO,2585
DFW,FLL,1119
DCA,MIA,920
DFW,OMA,583
ONT,DFW,1189
MIA,MSY,674
DFW,MSP,852
MIA,BOS,1258
DFW,PDX,1616
STL,ORD,258
MSY,LGA,1183
DFW,SAN,1171
FAT,DFW,1313
FLL,DFW,1119
SEA,DFW,1660
SJU,MCO,1189
DFW,IND,762
DFW,MIA,1121
DFW,JAX,919
PSP,DFW,1126
DFW,BUR,1231
DTW,DFW,987
PBI,DFW,1103
PHX,MIA,1972
SJC,AUS,1476
DFW,MSY,448
DFW,COS,592
TPA,SJU,1237
DCA,STL,719
DFW,SJC,1438
BOS,MIA,1258
PDX,DFW,1616
DFW,DTW,987
MIA,DCA,920
MSY,MIA,674
DFW,SEA,1660
ORD,PSP,1652
DFW,EWR,1372
MIA,STL,1068
SJU,EWR,1608
SJU,MIA,1045
MIA,LGA,1097
LGA,MIA,1097
FLL,SJU,1046
DFW,SJU,2165
MFE,DFW,468
RNO,DFW,1345
SMF,DFW,1431
BWI,DFW,1217
SJU,DFW,2165
MIA,SJU,1045
DFW,RIC,1158
JFK,STT,1623
DFW,DAY,861
TPA,DFW,929
BNA,DFW,631
STT,MIA,1107
RDU,MIA,700
SJC,DFW,1438
MIA,IAH,964
MSP,DFW,852
MIA,EWR,1086
DFW,LGA,1389
DFW,PSP,1126
LGA,DFW,1389
TUS,ORD,1437
MIA,TPA,204
MSY,DFW,448
RSW,ORD,1120
MIA,STT,1107
MIA,STX,1139
MSP,MIA,1501
SJU,BWI,1565
STL,BOS,1046
PSP,ORD,1652
MIA,RDU,700
MCI,DFW,460
STL,LGA,887
STT,BOS,1693
MCO,SJU,1189
MCO,MIA,193
BOS,STT,1693
STL,DCA,719
SAT,STL,786
MCO,DFW,984
BNA,MIA,806
MIA,BWI,946
DFW,IAH,224
OAK,DFW,1456
MIA,PHX,1972
COS,DFW,592
TPA,MIA,204
AUS,SJC,1476
BOS,DFW,1562
SNA,DFW,1205
BWI,MIA,946
STL,SFO,1736
RDU,AUS,1162
DFW,RNO,1345
SAN,STL,1558
IAD,DFW,1172
BNA,LGA,764
ORD,ABQ,1118
SNA,STL,1570
DFW,SMF,1431
LGA,BNA,764
EWR,SJU,1608
MSP,LGA,1020
LGA,MSP,1020
MIA,BDL,1194
AUS,RDU,1162
DFW,MEM,432
DAY,DFW,861
SFO,STL,1736
STX,MIA,1139
IAH,MIA,964
DFW,OAK,1456
DFW,IAD,1172
SJU,BDL,1666
ORD,TUS,1437
STL,RSW,979
BDL,SJU,1666
SEA,STL,1710
BHM,DFW,597
AUS,SNA,1209
RDU,STL,667
ORD,RNO,1671
ORD,RSW,1120
DFW,PBI,1103
ABQ,ORD,1118
BOS,STL,1046
STL,AUS,722
STL,SEA,1710
SNA,AUS,1209
EWR,MIA,1086
AUS,STL,722
RNO,ORD,1671
LGA,STL,887
STL,MIA,1068
MIA,LAS,2175
BWI,SJU,1565
SJU,FLL,1046
SJU,STT,68
BDL,MIA,1194
MIA,MSP,1501
IAD,MIA,921
DFW,EGE,720
EGE,DFW,720
HDN,DFW,769
DFW,HDN,769
RSW,STL,979
EGE,ORD,1007
DFW,GUC,678
JAC,DFW,1046
ORD,EGE,1007
EGE,LAX,748
LAX,EGE,748
DFW,JAC,1046
GUC,DFW,678
MIA,EGE,1811
LGA,EGE,1739
EGE,LGA,1739
EGE,EWR,1725
EWR,EGE,1725
EGE,MIA,1811
MTJ,ORD,1081
DTW,MIA,1145
SAN,SEA,1050
SEA,SAN,1050
SEA,PSP,987
KTN,SIT,183
JNU,ANC,571
PSP,SEA,987
SIT,JNU,95
SEA,BUR,937
SEA,LGB,965
BUR,SEA,937
ORD,ANC,2846
SEA,JNU,909
LGB,SEA,965
ONT,SEA,956
BOS,PDX,2537
PSG,JNU,123
ANC,CDV,160
JNU,PSG,123
CDV,YAK,213
JNU,SEA,909
YAK,JNU,199
SEA,DCA,2329
PDX,SAN,933
MCO,SEA,2553
SEA,ANC,1449
SEA,SNA,978
DCA,SEA,2329
SAN,PDX,933
MCO,PDX,2534
SEA,EWR,2401
ANC,SEA,1449
EWR,SEA,2401
ONT,PDX,838
LAX,DCA,2311
PDX,ANC,1542
SEA,ONT,956
SEA,KTN,680
SEA,MIA,2724
PDX,ONT,838
PDX,SNA,859
TUS,SEA,1216
ANC,FAI,261
HNL,ANC,2777
JNU,SIT,95
JNU,YAK,199
ANC,ORD,2846
PSP,PDX,873
SEA,TUS,1216
MIA,SEA,2724
PDX,PSP,873
SEA,FAI,1533
BET,ANC,399
BRW,FAI,503
SCC,BRW,204
FAI,ANC,261
FAI,BRW,503
SNA,PDX,859
KTN,SEA,680
ANC,OTZ,549
SEA,MCO,2553
SIT,KTN,183
PDX,MCO,2534
SNA,SEA,978
BOS,SEA,2496
CDV,ANC,160
BRW,ANC,725
YAK,CDV,213
ANC,BET,399
ANC,PDX,1542
ANC,ADQ,252
ADQ,ANC,252
ANC,JNU,571
KTN,WRG,82
WRG,PSG,31
JNU,KTN,234
BUR,PDX,817
OME,ANC,539
FAI,SCC,373
FAI,SEA,1533
PDX,BUR,817
PSG,WRG,31
SEA,BOS,2496
SCC,ANC,626
OTZ,ANC,549
OME,OTZ,183
ANC,OME,539
KTN,JNU,234
WRG,KTN,82
ANC,SCC,626
PDX,BOS,2537
ANC,HNL,2777
LIH,SEA,2701
SEA,LIH,2701
OTZ,OME,183
DCA,LAX,2311
ANC,ADK,1192
ADK,ANC,1192
BNA,JFK,766
BOS,AUS,1698
BOS,OAK,2693
BOS,RIC,474
BTV,JFK,267
BUF,BOS,396
BUF,FLL,1166
BUF,JFK,301
CLT,JFK,541
EWR,FLL,1065
EWR,MCO,938
EWR,PBI,1024
FLL,BUF,1166
FLL,EWR,1065
FLL,HPN,1098
FLL,LGB,2327
FLL,OAK,2575
FLL,PSE,1032
FLL,RIC,805
FLL,SWF,1119
FLL,SYR,1197
HPN,MCO,972
HPN,PBI,1057
IAD,JFK,228
JAX,JFK,829
JFK,AUS,1522
JFK,BNA,766
JFK,BUF,301
JFK,CLT,541
JFK,CMH,483
JFK,DEN,1626
JFK,IAD,228
JFK,JAX,829
JFK,LGB,2465
JFK,MSY,1182
JFK,PBI,1028
JFK,PWM,274
JFK,ROC,264
JFK,RSW,1074
JFK,SMF,2521
JFK,SRQ,1041
JFK,SYR,209
LAS,LGB,231
LGB,JFK,2465
LGB,OAK,353
LGB,ORD,1735
LGB,SMF,387
MCO,BQN,1129
MCO,EWR,938
MCO,HPN,972
MCO,ROC,1033
MCO,SWF,989
MCO,SYR,1053
MSY,JFK,1182
OAK,FLL,2575
OAK,LGB,353
ORD,LGB,1735
PBI,EWR,1024
PBI,HPN,1057
PBI,JFK,1028
PIT,BOS,496
PSE,MCO,1180
PWM,JFK,274
RIC,FLL,805
RIC,JFK,288
ROC,JFK,264
RSW,EWR,1068
RSW,JFK,1074
SMF,LGB,387
SRQ,JFK,1041
SWF,FLL,1119
SWF,MCO,989
SYR,JFK,209
TPA,EWR,998
AUS,JFK,1522
BOS,BUF,396
BQN,MCO,1129
CMH,JFK,483
HOU,JFK,1428
HPN,FLL,1098
JFK,BQN,1576
JFK,BTV,267
JFK,BUR,2465
JFK,HOU,1428
JFK,ONT,2430
JFK,PDX,2454
JFK,RIC,288
LGB,FLL,2327
LGB,IAD,2277
MCO,PSE,1180
OAK,BOS,2693
OAK,JFK,2576
SMF,JFK,2521
SYR,MCO,1053
TUS,JFK,2136
BOS,LGB,2602
JFK,PSE,1617
ONT,JFK,2430
PSE,FLL,1032
RIC,BOS,474
BQN,JFK,1576
BUR,JFK,2465
EWR,TPA,998
IAD,LGB,2277
JFK,OAK,2576
LGB,LAS,231
PSE,JFK,1617
BOS,SJC,2689
LGB,BOS,2602
ROC,MCO,1033
SJC,BOS,2689
TPA,BOS,1185
BUF,RSW,1144
HPN,RSW,1102
RSW,BUF,1144
JFK,TUS,2136
MCO,BTV,1195
PWM,MCO,1214
RSW,HPN,1102
SYR,FLL,1197
MCO,PWM,1214
BTV,MCO,1195
AUS,BOS,1698
SJC,JFK,2569
JFK,SJC,2569
LAX,JAX,2153
JAX,LAX,2153
LAX,RDU,2239
CMH,LAX,1996
LAX,CMH,1996
CVG,SNA,1877
ATL,BZN,1641
BZN,ATL,1641
SNA,CVG,1877
STX,ATL,1638
SLC,LGA,1982
CVG,JFK,589
EGE,CVG,1189
CVG,EGE,1189
LAS,LIT,1295
JAX,IND,688
LIT,PHX,1136
BDL,LAS,2298
OKC,BWI,1180
RDU,FLL,680
SMF,MCI,1442
ABQ,BWI,1670
FLL,RDU,680
XNA,SGF,84
MCI,EWR,1092
FAR,MCI,536
DRO,ABQ,159
GRB,DEN,905
GRB,SDF,453
ATW,DSM,321
GRB,MKE,107
ATW,MKE,96
MRY,DEN,960
HSV,TUS,1405
DSM,LAX,1447
BFL,DEN,845
ATL,ASE,1304
LAX,DSM,1447
MFR,SBA,572
CPR,DEN,230
ANC,DEN,2406
DEN,ANC,2406
IAD,TUS,1933
TUS,IAD,1933
DEN,LIH,3414
DEN,KOA,3329
ABE,CLT,481
CLT,STL,575
PHL,ORF,211
EGE,CLT,1455
DCA,MHT,407
MHT,DCA,407
DCA,PIT,205
MDT,CLT,413
CLT,DAB,416
RSW,PIT,966
SRQ,DCA,851
LGA,HDN,1742
HDN,LGA,1742
BWI,CVG,430
ABQ,CVG,1240
BOS,SRQ,1220
SRQ,BOS,1220
LGA,SRQ,1047
SRQ,LGA,1047
CVG,SGF,491
ATL,MDW,590
MDW,ATL,590
BTR,DEN,997
ITO,OGG,121
OGG,ITO,121
STL,SNA,1570
STL,SAT,786
ORD,MTJ,1081
EWR,RSW,1068
SWF,PBI,1077
HDN,JFK,1749
MCO,OMA,1210
MCO,TUL,1005
DAL,HRL,458
FLL,MHT,1263
HRL,DAL,458
RNO,ONT,394
PHL,AUS,1430
PHL,SAT,1495
STL,PHL,813
PHL,STL,813
SAT,PHL,1495
AUS,PHL,1430
MKE,ATW,96
MKE,STL,317
STL,MKE,317
MKE,DAY,284
DAY,MKE,284
MKE,GRR,120
GRR,MKE,120
BNA,MKE,475
MKE,FNT,211
FNT,MKE,211
MKE,BNA,475
AUS,MSY,445
ASE,ATL,1304
GJT,ASE,89
TUL,ASE,636
GJT,LAX,656
COS,CLE,1221
AUS,DSM,813
ORF,BOI,2144
SGF,BNA,380
TVC,MSN,217
LNK,PIA,371
MCI,MKE,436
ICT,SLC,808
DEN,CPR,230
LIH,DEN,3414
CLT,STX,1562
LGA,STT,1634
STT,LGA,1634
PDX,PHL,2406
CVG,JAC,1386
JAC,CVG,1386
CVG,GRR,268
ATL,LAW,804
LAW,ATL,804
GRR,CVG,268
CVG,CID,419
TYS,CVG,226
PDX,HNL,2603
MIA,TLH,403
TLH,MIA,403
PBI,SWF,1077
BOS,JAX,1011
JAX,BOS,1011
MHT,FLL,1263
OKC,MCO,1068
MKE,SDF,348
SDF,MKE,348
MKE,MKG,85
MKG,GRR,41
MKG,MKE,85
MKE,IND,238
MKE,CWA,154
MKE,GRB,107
MKE,DSM,311
MKE,CLE,328
CLE,MKE,328
CWA,MKE,154
IAH,SAT,191
IND,MKE,238
DSM,MKE,311
RAP,ORD,780
SDF,SLC,1408
ORD,RAP,780
CDC,LAX,395
DCA,SRQ,851
IND,PHL,587
CVG,SDF,83
CVG,BNA,230
PVD,CVG,722
BNA,CVG,230
CVG,PVD,722
CVG,LEX,70
SGF,CVG,491
CLT,CVG,335
CVG,CLT,335
SDF,CVG,83
LEX,CVG,70
CVG,MKE,318
DFW,GJT,772
GJT,DFW,772
ROC,DFW,1266
DFW,ROC,1266
SYR,DFW,1337
DFW,SYR,1337
BNA,IAD,542
AUS,SEA,1770
SEA,AUS,1770
LAX,ANC,2345
DLG,ANC,329
AKN,DLG,71
ANC,AKN,289
AUS,OAK,1497
ONT,RNO,394
LAS,JAX,1965
BNA,ORF,585
FLL,AUS,1105
SLC,SDF,1408
MKG,FNT,127
AZO,FAR,642
OMA,BHM,732
CLT,SDF,336
SDF,CLT,336
CVG,ANC,3110
ANC,CVG,3110
ATL,ANC,3417
CHO,CVG,342
CVG,XNA,561
AZO,CVG,225
CVG,AZO,225
TRI,CVG,216
CVG,ABE,503
XNA,CVG,561
CVG,CHO,342
CVG,LIT,513
LIT,CVG,513
TLH,TPA,200
CVG,TRI,216
PFN,MCO,290
MCO,PFN,290
MCO,PNS,380
PNS,MCO,380
MKE,CVG,318
HSV,MCO,535
MCO,HSV,535
MCO,TYS,532
TYS,MCO,532
MCO,TLH,227
ATL,LWB,369
LWB,ATL,369
TLH,MCO,227
CVG,BHM,396
TPA,TLH,200
CVG,EVV,170
ABE,CVG,503
EVV,CVG,170
EYW,MCO,268
MCO,EYW,268
MCO,RIC,667
RIC,MCO,667
DFW,ANC,3043
ANC,DFW,3043
ANC,LAX,2345
LGB,AUS,1226
MSY,BOS,1367
AUS,LGB,1226
BOS,MSY,1367
IAD,BUR,2279
LGB,SJC,324
SJC,LGB,324
BUR,IAD,2279
AUS,FLL,1105
ORF,BNA,585
OAK,AUS,1497
SLC,ACV,635
ACV,SLC,635
DEN,HLN,594
HLN,DEN,594
FCA,ORD,1352
MSO,ORD,1332
BIL,ORD,1060
ORD,BIL,1060
MCI,LNK,152
CID,MKE,208
ORD,CPR,949
ORD,FCA,1352
CPR,ORD,949
COD,DEN,392
OKC,BMI,589
GRB,GTF,1133
TVC,DEN,1031
SLC,WYS,273
DEN,COD,392
RIC,ORF,75
FCA,SFO,844
XNA,MEM,258
ORD,MSO,1332
WYS,SLC,273
GTF,ORD,1210
LAX,TUL,1283
TUL,LAX,1283
ORD,GTF,1210
SFO,ANC,2018
ANC,SFO,2018
CLT,SMF,2244
CLT,PDX,2282
CLT,TUS,1735
DCA,IND,499
IND,DCA,499
SMF,PHL,2458
SMF,CLT,2244
PDX,CLT,2282
PHL,SMF,2458
TUS,CLT,1735
ATL,BOI,1838
ANC,ATL,3417
ATL,STX,1638
FCA,ATL,1841
SLC,FAI,2184
FAI,SLC,2184
ILM,CVG,500
ALB,CVG,623
CVG,ALB,623
CVG,MCI,539
CVG,ORF,485
ORF,CVG,485
CVG,JAX,614
FLL,PNS,525
PNS,FLL,525
JAX,CVG,614
FLL,TLH,393
TLH,FLL,393
TPA,PNS,330
CVG,SYR,527
CVG,MHT,741
CVG,IAD,388
PNS,TPA,330
CVG,DTW,229
CID,CVG,419
CVG,SAT,1024
MHT,CVG,741
CVG,AVP,499
CLE,CVG,221
CVG,TYS,226
CVG,GSP,317
CVG,CLE,221
CVG,ROC,461
IAH,CVG,871
CVG,IAH,871
MCO,AVL,488
AVL,MCO,488
ITO,KOA,64
DFW,BUF,1212
BUF,DFW,1212
MIA,JAX,334
JAX,MIA,334
LGA,TVC,655
TVC,LGA,655
